"id_Antwort_ID";"submitdate_Datum_Abgeschickt";"lastpage_Letzte_Seite";"startlanguage_Start-Sprache";"seed_Zufallsgeneratorstartwert";"startdate_Datum_gestartet";"datestamp_Datum_letzte_Aktivität";"ipaddr_IP-Adresse";"TopInt[SQ002]_Für_welche_der_folgenden_Themen_interessieren_Sie_sich?__Eine_Mehrfachauswahl_ist_möglich.__[Corona-Pandemia]";"TopInt[SQ003]_Für_welche_der_folgenden_Themen_interessieren_Sie_sich?__Eine_Mehrfachauswahl_ist_möglich.__[Krieg_in_der_Ukraine]";"TopInt[SQ004]_Für_welche_der_folgenden_Themen_interessieren_Sie_sich?__Eine_Mehrfachauswahl_ist_möglich.__[Klimawandel]";"TopInt[SQ005]_Für_welche_der_folgenden_Themen_interessieren_Sie_sich?__Eine_Mehrfachauswahl_ist_möglich.__[Erdbeben_in_der_Türkei_und_Syrien]";"TopInt[SQ006]_Für_welche_der_folgenden_Themen_interessieren_Sie_sich?__Eine_Mehrfachauswahl_ist_möglich.__[Soziale_Gerechtigkeit]";"TopInt[SQ007]_Für_welche_der_folgenden_Themen_interessieren_Sie_sich?__Eine_Mehrfachauswahl_ist_möglich.__[Ich_interessiere_mich_für_keines_der_Themen]";"TopInt[SQ008]_Für_welche_der_folgenden_Themen_interessieren_Sie_sich?__Eine_Mehrfachauswahl_ist_möglich.__[Ich_weiß_es_nicht]";"CharExp[SQ003]_Was_erwarten_Sie_von_Datenvisualisierungen_in_journalistischen_Artikeln?__Eine_Mehrfachauswahl_ist_möglich.__[Ich_erwarte,_dass_ich_sie_schnell_verstehe]";"CharExp[SQ004]_Was_erwarten_Sie_von_Datenvisualisierungen_in_journalistischen_Artikeln?__Eine_Mehrfachauswahl_ist_möglich.__[Ich_gehe_davon_aus,_dass_ich_Zeit_damit_verbringe_Trends_und_Muster_zu_erkennen]";"CharExp[SQ005]_Was_erwarten_Sie_von_Datenvisualisierungen_in_journalistischen_Artikeln?__Eine_Mehrfachauswahl_ist_möglich.__[Ich_erwarte_einen_""Aha""-Moment]";"CharExp[SQ002]_Was_erwarten_Sie_von_Datenvisualisierungen_in_journalistischen_Artikeln?__Eine_Mehrfachauswahl_ist_möglich.__[Ich_erwarte,_dass_sie_interaktiv_sind]";"CharExp[SQ006]_Was_erwarten_Sie_von_Datenvisualisierungen_in_journalistischen_Artikeln?__Eine_Mehrfachauswahl_ist_möglich.__[Ich_erwarte,_dass_ich_etwas_Neues_lerne,_das_mir_noch_nicht_aus_dem_Artikeltext_bekannt_ist]";"CharExp[SQ007]_Was_erwarten_Sie_von_Datenvisualisierungen_in_journalistischen_Artikeln?__Eine_Mehrfachauswahl_ist_möglich.__[Ich_erwarte,_dass_ich_nur_Informationen_sehe,_die_mir_schon_aus_dem_Artikel_bekannt_sind]";"CharExp[SQ008]_Was_erwarten_Sie_von_Datenvisualisierungen_in_journalistischen_Artikeln?__Eine_Mehrfachauswahl_ist_möglich.__[Ich_habe_keine_Erwartungen]";"CharExp[SQ009]_Was_erwarten_Sie_von_Datenvisualisierungen_in_journalistischen_Artikeln?__Eine_Mehrfachauswahl_ist_möglich.__[Ich_weiß_es_nicht]";"CharExp[other]_Was_erwarten_Sie_von_Datenvisualisierungen_in_journalistischen_Artikeln?__Eine_Mehrfachauswahl_ist_möglich.__[Sonstiges]";"RanCha[1]_Wie_vertraut_sind_Sie_mit_den_folgenden_Typen_von_Datenvisualisierungen?__Ordnen_Sie_von_der_geläufigsten_Form_(oben)_zur_am_wenigsten_geläufigen_(unten).__[Rank_1]";"RanCha[2]_Wie_vertraut_sind_Sie_mit_den_folgenden_Typen_von_Datenvisualisierungen?__Ordnen_Sie_von_der_geläufigsten_Form_(oben)_zur_am_wenigsten_geläufigen_(unten).__[Rank_2]";"RanCha[3]_Wie_vertraut_sind_Sie_mit_den_folgenden_Typen_von_Datenvisualisierungen?__Ordnen_Sie_von_der_geläufigsten_Form_(oben)_zur_am_wenigsten_geläufigen_(unten).__[Rank_3]";"RanCha[4]_Wie_vertraut_sind_Sie_mit_den_folgenden_Typen_von_Datenvisualisierungen?__Ordnen_Sie_von_der_geläufigsten_Form_(oben)_zur_am_wenigsten_geläufigen_(unten).__[Rank_4]";"RanCha[5]_Wie_vertraut_sind_Sie_mit_den_folgenden_Typen_von_Datenvisualisierungen?__Ordnen_Sie_von_der_geläufigsten_Form_(oben)_zur_am_wenigsten_geläufigen_(unten).__[Rank_5]";"RanCha[6]_Wie_vertraut_sind_Sie_mit_den_folgenden_Typen_von_Datenvisualisierungen?__Ordnen_Sie_von_der_geläufigsten_Form_(oben)_zur_am_wenigsten_geläufigen_(unten).__[Rank_6]";"RanCha[7]_Wie_vertraut_sind_Sie_mit_den_folgenden_Typen_von_Datenvisualisierungen?__Ordnen_Sie_von_der_geläufigsten_Form_(oben)_zur_am_wenigsten_geläufigen_(unten).__[Rank_7]";"RanCha[8]_Wie_vertraut_sind_Sie_mit_den_folgenden_Typen_von_Datenvisualisierungen?__Ordnen_Sie_von_der_geläufigsten_Form_(oben)_zur_am_wenigsten_geläufigen_(unten).__[Rank_8]";"RanCha[9]_Wie_vertraut_sind_Sie_mit_den_folgenden_Typen_von_Datenvisualisierungen?__Ordnen_Sie_von_der_geläufigsten_Form_(oben)_zur_am_wenigsten_geläufigen_(unten).__[Rank_9]";"CharUnd[SQ001]__[Wie_schwer_oder_einfach_finden_Sie_es_generell,_eine_Aussage_zu_verstehen,_die_als_Datenvisualisierung_präsentiert_wird?]";"ComChar[SQ001]__[Sind_für_Sie_Datenvisualisierungen_einfacher_zu_verstehen_als_Zahlen_im_Text?]";"SelAss[SQ002]__[Wie_gut_verstehen_Sie_Balkendiagramme?]";"SelAss[SQ003]__[Wie_gut_sind_Sie_darin,_die_Länge_eines_Balkens_in_einem_Balkendiagramm_zu_erkennen?]";"SelAss[SQ004]__[Wie_gut_sind_Sie_darin,_den_Unterschied_zwischen_zwei_Balken_festzustellen?]";"SelAss[SQ005]__[Wie_gut_verstehen_Sie_Liniendiagramme?]";"SelAss[SQ006]__[Wie_gut_sind_Sie_darin,_einen_Trend_aus_einem_Liniendiagramm_zu_erschließen?]";"SelAss[SQ007]__[Wie_gut_verstehen_Sie_Tortendiagramme?]";"SelAss[SQ008]__[Wie_gut_verstehen_sie_Diagramm-Typen,_die_Sie_zuvor_noch_nicht_gesehen_haben?]";"Joy[SQ001]__[Wenn_Sie_journalistische_Artikel_lesen,_wie_hilfreich_finden_Sie_es_generell_Datenvisualisierungen_als_Teil_der_Geschichte_zu_sehen?]";"Joy[SQ002]__[Macht_es_Ihnen_allgemein_Spaß,_Datenvisualisierungen_in_journalistischen_Geschichten_zu_sehen?]";"CharFreq[SQ001]__[Wie_oft_kommen_Sie_in_Ihrem_Alltag_mit_Datenvisualisierungen_in_Berührung?]";"gleichunga_{if(is_empty(gleichunga),rand(1,6),gleichunga)}";"Beispiel1[SQ001]_Bitte_schauen_Sie_sich_die_nachfolgende_Visualisierung_im_Artikel-Auszug_an_und_bewerten_Sie_sie_anschließend_anhand_der_darauffolgenden_Fragen.____[Wie_gefällt_Ihnen_diese_Visualisierung_insgesamt?]";"Beispiel1[SQ002]_Bitte_schauen_Sie_sich_die_nachfolgende_Visualisierung_im_Artikel-Auszug_an_und_bewerten_Sie_sie_anschließend_anhand_der_darauffolgenden_Fragen.____[Wie_gut_verstehen_Sie_die_Visualisierung?]";"Beispiel1[SQ003]_Bitte_schauen_Sie_sich_die_nachfolgende_Visualisierung_im_Artikel-Auszug_an_und_bewerten_Sie_sie_anschließend_anhand_der_darauffolgenden_Fragen.____[Wie_erkenntnisreich_finden_Sie_die_Visualisierung?]";"Beispiel2[SQ001]_Bitte_schauen_Sie_sich_die_nachfolgende_Visualisierung_im_Artikel-Auszug_an_und_bewerten_Sie_sie_anschließend_anhand_der_darauffolgenden_Fragen.__ __[Wie_gefällt_Ihnen_diese_Visualisierung_insgesamt?]";"Beispiel2[SQ002]_Bitte_schauen_Sie_sich_die_nachfolgende_Visualisierung_im_Artikel-Auszug_an_und_bewerten_Sie_sie_anschließend_anhand_der_darauffolgenden_Fragen.__ __[Wie_gut_verstehen_Sie_die_Visualisierung?]";"Beispiel2[SQ003]_Bitte_schauen_Sie_sich_die_nachfolgende_Visualisierung_im_Artikel-Auszug_an_und_bewerten_Sie_sie_anschließend_anhand_der_darauffolgenden_Fragen.__ __[Wie_erkenntnisreich_finden_Sie_die_Visualisierung?]";"Beispiel3[SQ001]_Bitte_schauen_Sie_sich_die_nachfolgende_Visualisierung_im_Artikel-Auszug_an_und_bewerten_Sie_sie_anschließend_anhand_der_darauffolgenden_Fragen.__ __[Wie_gefällt_Ihnen_diese_Visualisierung_insgesamt?]";"Beispiel3[SQ002]_Bitte_schauen_Sie_sich_die_nachfolgende_Visualisierung_im_Artikel-Auszug_an_und_bewerten_Sie_sie_anschließend_anhand_der_darauffolgenden_Fragen.__ __[Wie_gut_verstehen_Sie_die_Visualisierung?]";"Beispiel3[SQ003]_Bitte_schauen_Sie_sich_die_nachfolgende_Visualisierung_im_Artikel-Auszug_an_und_bewerten_Sie_sie_anschließend_anhand_der_darauffolgenden_Fragen.__ __[Wie_erkenntnisreich_finden_Sie_die_Visualisierung?]";"Beispiel4[SQ001]_Bitte_schauen_Sie_sich_die_nachfolgende_Visualisierung_im_Artikel-Auszug_an_und_bewerten_Sie_sie_anschließend_anhand_der_darauffolgenden_Fragen.____[Wie_gefällt_Ihnen_diese_Visualisierung_insgesamt?]";"Beispiel4[SQ002]_Bitte_schauen_Sie_sich_die_nachfolgende_Visualisierung_im_Artikel-Auszug_an_und_bewerten_Sie_sie_anschließend_anhand_der_darauffolgenden_Fragen.____[Wie_gut_verstehen_Sie_die_Visualisierung?]";"Beispiel4[SQ003]_Bitte_schauen_Sie_sich_die_nachfolgende_Visualisierung_im_Artikel-Auszug_an_und_bewerten_Sie_sie_anschließend_anhand_der_darauffolgenden_Fragen.____[Wie_erkenntnisreich_finden_Sie_die_Visualisierung?]";"Beispiel5[SQ004]_Bitte_schauen_Sie_sich_die_nachfolgende_Visualisierung_im_Artikel-Auszug_an_und_bewerten_Sie_sie_anschließend_anhand_der_darauffolgenden_Fragen.____[Wie_gefällt_Ihnen_diese_Visualisierung_insgesamt?]";"Beispiel5[SQ005]_Bitte_schauen_Sie_sich_die_nachfolgende_Visualisierung_im_Artikel-Auszug_an_und_bewerten_Sie_sie_anschließend_anhand_der_darauffolgenden_Fragen.____[Wie_gut_verstehen_Sie_die_Visualisierung?]";"Beispiel5[SQ006]_Bitte_schauen_Sie_sich_die_nachfolgende_Visualisierung_im_Artikel-Auszug_an_und_bewerten_Sie_sie_anschließend_anhand_der_darauffolgenden_Fragen.____[Wie_erkenntnisreich_finden_Sie_die_Visualisierung?]";"Beispiel6[SQ004]_Bitte_schauen_Sie_sich_die_nachfolgende_Visualisierung_im_Artikel-Auszug_an_und_bewerten_Sie_sie_anschließend_anhand_der_darauffolgenden_Fragen.____[Gefällt_Ihnen_diese_Visualisierung_insgesamt?]";"Beispiel6[SQ005]_Bitte_schauen_Sie_sich_die_nachfolgende_Visualisierung_im_Artikel-Auszug_an_und_bewerten_Sie_sie_anschließend_anhand_der_darauffolgenden_Fragen.____[Haben_Sie_den_Eindruck,_dass_Sie_die_Visualisierung_gut_verstehen?]";"Beispiel6[SQ006]_Bitte_schauen_Sie_sich_die_nachfolgende_Visualisierung_im_Artikel-Auszug_an_und_bewerten_Sie_sie_anschließend_anhand_der_darauffolgenden_Fragen.____[Finden_Sie_die_Visualisierung_erkenntnisreich?]";"ErkBsp1_Welche_Erkenntnisse_nehmen_Sie_aus_der_Visualisierung_mit?__Bitte_beschreiben_Sie_kurz,_was_Sie_Neues_erfahren_haben_oder_welches_Wissen_sch_dadurch_bestätigt_hat._Geben_Sie_dabei_ggf_an,_welcher_Teil_der_Visualisierung_dabei_besonders_geholfen_hat.___";"ErkBsp2_Welche_Erkenntnisse_nehmen_Sie_aus_der_Visualisierung_mit?__Bitte_beschreiben_Sie_kurz,_was_Sie_Neues_erfahren_haben_oder_welches_Wissen_sch_dadurch_bestätigt_hat._Geben_Sie_dabei_ggf_an,_welcher_Teil_der_Visualisierung_dabei_besonders_geholfen_hat.___";"ErkBsp3_Welche_Erkenntnisse_nehmen_Sie_aus_der_Visualisierung_mit?__Bitte_beschreiben_Sie_kurz,_was_Sie_Neues_erfahren_haben_oder_welches_Wissen_sch_dadurch_bestätigt_hat._Geben_Sie_dabei_ggf_an,_welcher_Teil_der_Visualisierung_dabei_besonders_geholfen_hat.______";"ErkBsp4_Welche_Erkenntnisse_nehmen_Sie_aus_der_Visualisierung_mit?__Bitte_beschreiben_Sie_kurz,_was_Sie_Neues_erfahren_haben_oder_welches_Wissen_sch_dadurch_bestätigt_hat._Geben_Sie_dabei_ggf_an,_welcher_Teil_der_Visualisierung_dabei_besonders_geholfen_hat.___";"ErkBsp5_Welche_Erkenntnisse_nehmen_Sie_aus_der_Visualisierung_mit?__Bitte_beschreiben_Sie_kurz,_was_Sie_Neues_erfahren_haben_oder_welches_Wissen_sch_dadurch_bestätigt_hat._Geben_Sie_dabei_ggf_an,_welcher_Teil_der_Visualisierung_dabei_besonders_geholfen_hat.___";"ErkBsp6_Welche_Erkenntnisse_nehmen_Sie_aus_der_Visualisierung_mit?__Bitte_beschreiben_Sie_kurz,_was_Sie_Neues_erfahren_haben_oder_welches_Wissen_sch_dadurch_bestätigt_hat._Geben_Sie_dabei_ggf_an,_welcher_Teil_der_Visualisierung_dabei_besonders_geholfen_hat.___";"gleichungb_{if(is_empty(gleichungb),rand(7,12),gleichungb)}";"Beispiel7[SQ004]_Bitte_schauen_Sie_sich_die_nachfolgende_Visualisierung_im_Artikel-Auszug_an_und_bewerten_Sie_sie_anschließend_anhand_der_darauffolgenden_Fragen.____[Wie_gefällt_Ihnen_diese_Visualisierung_insgesamt?]";"Beispiel7[SQ005]_Bitte_schauen_Sie_sich_die_nachfolgende_Visualisierung_im_Artikel-Auszug_an_und_bewerten_Sie_sie_anschließend_anhand_der_darauffolgenden_Fragen.____[Wie_gut_verstehen_Sie_die_Visualisierung?]";"Beispiel7[SQ006]_Bitte_schauen_Sie_sich_die_nachfolgende_Visualisierung_im_Artikel-Auszug_an_und_bewerten_Sie_sie_anschließend_anhand_der_darauffolgenden_Fragen.____[Wie_erkenntnisreich_finden_Sie_die_Visualisierung?]";"Beispiel8[SQ004]_Bitte_schauen_Sie_sich_die_nachfolgende_Visualisierung_im_Artikel-Auszug_an_und_bewerten_Sie_sie_anschließend_anhand_der_darauffolgenden_Fragen.____[Wie_gefällt_Ihnen_diese_Visualisierung_insgesamt?]";"Beispiel8[SQ005]_Bitte_schauen_Sie_sich_die_nachfolgende_Visualisierung_im_Artikel-Auszug_an_und_bewerten_Sie_sie_anschließend_anhand_der_darauffolgenden_Fragen.____[Wie_gut_verstehen_Sie_die_Visualisierung?]";"Beispiel8[SQ006]_Bitte_schauen_Sie_sich_die_nachfolgende_Visualisierung_im_Artikel-Auszug_an_und_bewerten_Sie_sie_anschließend_anhand_der_darauffolgenden_Fragen.____[Wie_erkenntnisreich_finden_Sie_die_Visualisierung?]";"Beispiel9[SQ001]_Bitte_schauen_Sie_sich_die_nachfolgende_Visualisierung_im_Artikel-Auszug_an_und_bewerten_Sie_sie_anschließend_anhand_der_darauffolgenden_Fragen.____[Wie_gefällt_Ihnen_diese_Visualisierung_insgesamt?]";"Beispiel9[SQ002]_Bitte_schauen_Sie_sich_die_nachfolgende_Visualisierung_im_Artikel-Auszug_an_und_bewerten_Sie_sie_anschließend_anhand_der_darauffolgenden_Fragen.____[Wie_gut_verstehen_Sie_die_Visualisierung?]";"Beispiel9[SQ003]_Bitte_schauen_Sie_sich_die_nachfolgende_Visualisierung_im_Artikel-Auszug_an_und_bewerten_Sie_sie_anschließend_anhand_der_darauffolgenden_Fragen.____[Wie_erkenntnisreich_finden_Sie_die_Visualisierung?]";"Beispiel10[SQ001]_Bitte_schauen_Sie_sich_die_nachfolgende_Visualisierung_im_Artikel-Auszug_an_und_bewerten_Sie_sie_anschließend_anhand_der_darauffolgenden_Fragen.____[Wie_gefällt_Ihnen_diese_Visualisierung_insgesamt?]";"Beispiel10[SQ002]_Bitte_schauen_Sie_sich_die_nachfolgende_Visualisierung_im_Artikel-Auszug_an_und_bewerten_Sie_sie_anschließend_anhand_der_darauffolgenden_Fragen.____[Wie_gut_verstehen_Sie_die_Visualisierung?]";"Beispiel10[SQ003]_Bitte_schauen_Sie_sich_die_nachfolgende_Visualisierung_im_Artikel-Auszug_an_und_bewerten_Sie_sie_anschließend_anhand_der_darauffolgenden_Fragen.____[Wie_erkenntnisreich_finden_Sie_die_Visualisierung?]";"Beispiel11[SQ001]_Bitte_schauen_Sie_sich_die_nachfolgende_Visualisierung_im_Artikel-Auszug_an_und_bewerten_Sie_sie_anschließend_anhand_der_darauffolgenden_Fragen.____[Wie_gefällt_Ihnen_diese_Visualisierung_insgesamt?]";"Beispiel11[SQ002]_Bitte_schauen_Sie_sich_die_nachfolgende_Visualisierung_im_Artikel-Auszug_an_und_bewerten_Sie_sie_anschließend_anhand_der_darauffolgenden_Fragen.____[Wie_gut_verstehen_Sie_die_Visualisierung?]";"Beispiel11[SQ003]_Bitte_schauen_Sie_sich_die_nachfolgende_Visualisierung_im_Artikel-Auszug_an_und_bewerten_Sie_sie_anschließend_anhand_der_darauffolgenden_Fragen.____[Wie_erkenntnisreich_finden_Sie_die_Visualisierung?]";"Beispiel12[SQ001]_Bitte_schauen_Sie_sich_die_nachfolgende_Visualisierung_im_Artikel-Auszug_an_und_bewerten_Sie_sie_anschließend_anhand_der_darauffolgenden_Fragen.____[Wie_gefällt_Ihnen_diese_Visualisierung_insgesamt?]";"Beispiel12[SQ002]_Bitte_schauen_Sie_sich_die_nachfolgende_Visualisierung_im_Artikel-Auszug_an_und_bewerten_Sie_sie_anschließend_anhand_der_darauffolgenden_Fragen.____[Wie_gut_verstehen_Sie_die_Visualisierung?]";"Beispiel12[SQ003]_Bitte_schauen_Sie_sich_die_nachfolgende_Visualisierung_im_Artikel-Auszug_an_und_bewerten_Sie_sie_anschließend_anhand_der_darauffolgenden_Fragen.____[Wie_erkenntnisreich_finden_Sie_die_Visualisierung?]";"ErkBsp7_Welche_Erkenntnisse_nehmen_Sie_aus_der_Visualisierung_mit?__Bitte_beschreiben_Sie_kurz,_was_Sie_Neues_erfahren_haben_oder_welches_Wissen_sch_dadurch_bestätigt_hat._Geben_Sie_dabei_ggf_an,_welcher_Teil_der_Visualisierung_dabei_besonders_geholfen_hat.___";"ErkBsp8_Welche_Erkenntnisse_nehmen_Sie_aus_der_Visualisierung_mit?__Bitte_beschreiben_Sie_kurz,_was_Sie_Neues_erfahren_haben_oder_welches_Wissen_sch_dadurch_bestätigt_hat._Geben_Sie_dabei_ggf_an,_welcher_Teil_der_Visualisierung_dabei_besonders_geholfen_hat.___";"ErkBsp9_Welche_Erkenntnisse_nehmen_Sie_aus_der_Visualisierung_mit?__Bitte_beschreiben_Sie_kurz,_was_Sie_Neues_erfahren_haben_oder_welches_Wissen_sch_dadurch_bestätigt_hat._Geben_Sie_dabei_ggf_an,_welcher_Teil_der_Visualisierung_dabei_besonders_geholfen_hat.___";"ErkBsp10_Welche_Erkenntnisse_nehmen_Sie_aus_der_Visualisierung_mit?__Bitte_beschreiben_Sie_kurz,_was_Sie_Neues_erfahren_haben_oder_welches_Wissen_sch_dadurch_bestätigt_hat._Geben_Sie_dabei_ggf_an,_welcher_Teil_der_Visualisierung_dabei_besonders_geholfen_hat.___";"ErkBsp11_Welche_Erkenntnisse_nehmen_Sie_aus_der_Visualisierung_mit?__Bitte_beschreiben_Sie_kurz,_was_Sie_Neues_erfahren_haben_oder_welches_Wissen_sch_dadurch_bestätigt_hat._Geben_Sie_dabei_ggf_an,_welcher_Teil_der_Visualisierung_dabei_besonders_geholfen_hat.___";"ErkBsp12_Welche_Erkenntnisse_nehmen_Sie_aus_der_Visualisierung_mit?__Bitte_beschreiben_Sie_kurz,_was_Sie_Neues_erfahren_haben_oder_welches_Wissen_sch_dadurch_bestätigt_hat._Geben_Sie_dabei_ggf_an,_welcher_Teil_der_Visualisierung_dabei_besonders_geholfen_hat.___";"gleichungc_{if(is_empty(gleichungc),rand(13,18),gleichungc)}";"Beispiel13[SQ001]_Bitte_schauen_Sie_sich_die_nachfolgende_Visualisierung_im_Artikel-Auszug_an_und_bewerten_Sie_sie_anschließend_anhand_der_darauffolgenden_Fragen.__[Mock-Up_Beispiel_13]__[Wie_gefällt_Ihnen_diese_Visualisierung_insgesamt?]";"Beispiel13[SQ002]_Bitte_schauen_Sie_sich_die_nachfolgende_Visualisierung_im_Artikel-Auszug_an_und_bewerten_Sie_sie_anschließend_anhand_der_darauffolgenden_Fragen.__[Mock-Up_Beispiel_13]__[Wie_gut_verstehen_Sie_die_Visualisierung?]";"Beispiel13[SQ003]_Bitte_schauen_Sie_sich_die_nachfolgende_Visualisierung_im_Artikel-Auszug_an_und_bewerten_Sie_sie_anschließend_anhand_der_darauffolgenden_Fragen.__[Mock-Up_Beispiel_13]__[Wie_erkenntnisreich_finden_Sie_die_Visualisierung?]";"Beispiel14[SQ001]_Bitte_schauen_Sie_sich_die_nachfolgende_Visualisierung_im_Artikel-Auszug_an_und_bewerten_Sie_sie_anschließend_anhand_der_darauffolgenden_Fragen.____[Wie_gefällt_Ihnen_diese_Visualisierung_insgesamt?]";"Beispiel14[SQ002]_Bitte_schauen_Sie_sich_die_nachfolgende_Visualisierung_im_Artikel-Auszug_an_und_bewerten_Sie_sie_anschließend_anhand_der_darauffolgenden_Fragen.____[Wie_gut_verstehen_Sie_die_Visualisierung?]";"Beispiel14[SQ003]_Bitte_schauen_Sie_sich_die_nachfolgende_Visualisierung_im_Artikel-Auszug_an_und_bewerten_Sie_sie_anschließend_anhand_der_darauffolgenden_Fragen.____[Wie_erkenntnisreich_finden_Sie_die_Visualisierung?]";"Beispiel15[SQ001]_Bitte_schauen_Sie_sich_die_nachfolgende_Visualisierung_im_Artikel-Auszug_an_und_bewerten_Sie_sie_anschließend_anhand_der_darauffolgenden_Fragen.____[Gefällt_Ihnen_diese_Visualisierung_insgesamt?]";"Beispiel15[SQ002]_Bitte_schauen_Sie_sich_die_nachfolgende_Visualisierung_im_Artikel-Auszug_an_und_bewerten_Sie_sie_anschließend_anhand_der_darauffolgenden_Fragen.____[Haben_Sie_den_Eindruck,_dass_Sie_die_Visualisierung_gut_verstehen?]";"Beispiel15[SQ003]_Bitte_schauen_Sie_sich_die_nachfolgende_Visualisierung_im_Artikel-Auszug_an_und_bewerten_Sie_sie_anschließend_anhand_der_darauffolgenden_Fragen.____[Finden_Sie_die_Visualisierung_erkenntnisreich?]";"Beispiel16[SQ001]_Bitte_schauen_Sie_sich_die_nachfolgende_Visualisierung_im_Artikel-Auszug_an_und_bewerten_Sie_sie_anschließend_anhand_der_darauffolgenden_Fragen.____[Wie_gefällt_Ihnen_diese_Visualisierung_insgesamt?]";"Beispiel16[SQ002]_Bitte_schauen_Sie_sich_die_nachfolgende_Visualisierung_im_Artikel-Auszug_an_und_bewerten_Sie_sie_anschließend_anhand_der_darauffolgenden_Fragen.____[Wie_gut_verstehen_Sie_die_Visualisierung?]";"Beispiel16[SQ003]_Bitte_schauen_Sie_sich_die_nachfolgende_Visualisierung_im_Artikel-Auszug_an_und_bewerten_Sie_sie_anschließend_anhand_der_darauffolgenden_Fragen.____[Wie_erkenntnisreich_finden_Sie_die_Visualisierung?]";"Beispiel17[SQ001]_Bitte_schauen_Sie_sich_die_nachfolgende_Visualisierung_im_Artikel-Auszug_an_und_bewerten_Sie_sie_anschließend_anhand_der_darauffolgenden_Fragen.____[Wie_gefällt_Ihnen_diese_Visualisierung_insgesamt?]";"Beispiel17[SQ002]_Bitte_schauen_Sie_sich_die_nachfolgende_Visualisierung_im_Artikel-Auszug_an_und_bewerten_Sie_sie_anschließend_anhand_der_darauffolgenden_Fragen.____[Wie_gut_verstehen_Sie_die_Visualisierung?]";"Beispiel17[SQ003]_Bitte_schauen_Sie_sich_die_nachfolgende_Visualisierung_im_Artikel-Auszug_an_und_bewerten_Sie_sie_anschließend_anhand_der_darauffolgenden_Fragen.____[Wie_erkenntnisreich_finden_Sie_die_Visualisierung?]";"Beispiel18[SQ001]_Bitte_schauen_Sie_sich_die_nachfolgende_Visualisierung_im_Artikel-Auszug_an_und_bewerten_Sie_sie_anschließend_anhand_der_darauffolgenden_Fragen.____[Wie_gefällt_Ihnen_diese_Visualisierung_insgesamt?]";"Beispiel18[SQ002]_Bitte_schauen_Sie_sich_die_nachfolgende_Visualisierung_im_Artikel-Auszug_an_und_bewerten_Sie_sie_anschließend_anhand_der_darauffolgenden_Fragen.____[Wie_gut_verstehen_Sie_die_Visualisierung?]";"Beispiel18[SQ003]_Bitte_schauen_Sie_sich_die_nachfolgende_Visualisierung_im_Artikel-Auszug_an_und_bewerten_Sie_sie_anschließend_anhand_der_darauffolgenden_Fragen.____[Wie_erkenntnisreich_finden_Sie_die_Visualisierung?]";"ErkBsp13_Welche_Erkenntnisse_nehmen_Sie_aus_der_Visualisierung_mit?__Bitte_beschreiben_Sie_kurz,_was_Sie_Neues_erfahren_haben_oder_welches_Wissen_sch_dadurch_bestätigt_hat._Geben_Sie_dabei_ggf_an,_welcher_Teil_der_Visualisierung_dabei_besonders_geholfen_hat.___";"ErkBsp14_Welche_Erkenntnisse_nehmen_Sie_aus_der_Visualisierung_mit?__Bitte_beschreiben_Sie_kurz,_was_Sie_Neues_erfahren_haben_oder_welches_Wissen_sch_dadurch_bestätigt_hat._Geben_Sie_dabei_ggf_an,_welcher_Teil_der_Visualisierung_dabei_besonders_geholfen_hat.___";"ErkBsp15_Welche_Erkenntnisse_nehmen_Sie_aus_der_Visualisierung_mit?__Bitte_beschreiben_Sie_kurz,_was_Sie_Neues_erfahren_haben_oder_welches_Wissen_sch_dadurch_bestätigt_hat._Geben_Sie_dabei_ggf_an,_welcher_Teil_der_Visualisierung_dabei_besonders_geholfen_hat.___";"ErkBsp16_Welche_Erkenntnisse_nehmen_Sie_aus_der_Visualisierung_mit?__Bitte_beschreiben_Sie_kurz,_was_Sie_Neues_erfahren_haben_oder_welches_Wissen_sch_dadurch_bestätigt_hat._Geben_Sie_dabei_ggf_an,_welcher_Teil_der_Visualisierung_dabei_besonders_geholfen_hat._____";"ErkBsp17_Welche_Erkenntnisse_nehmen_Sie_aus_der_Visualisierung_mit?__Bitte_beschreiben_Sie_kurz,_was_Sie_Neues_erfahren_haben_oder_welches_Wissen_sch_dadurch_bestätigt_hat._Geben_Sie_dabei_ggf_an,_welcher_Teil_der_Visualisierung_dabei_besonders_geholfen_hat.__";"ErkBsp18_Welche_Erkenntnisse_nehmen_Sie_aus_der_Visualisierung_mit?__Bitte_beschreiben_Sie_kurz,_was_Sie_Neues_erfahren_haben_oder_welches_Wissen_sch_dadurch_bestätigt_hat._Geben_Sie_dabei_ggf_an,_welcher_Teil_der_Visualisierung_dabei_besonders_geholfen_hat.___";"Obs_Wenn_Sie_an_die_Visualisierungen_zurückdenken,_die_Sie_gerade_gesehen_haben:_Gab_es_daran_etwas,_das_es_Ihnen_erschwert_hat,_die_Visualisierung_zu_verstehen_oder_Schlüsse_daraus_zu_ziehen?_";"Rem_Wenn_Sie_an_die_Beispiele_zurückdenken,_die_Sie_gerade_gesehen_haben:_Welches_davon_ist_Ihnen_noch_besonders_in_Erinnerung_und_warum?_";"DemGes_Bitte_wählen_Sie_aus_der_nachfolgenden_Liste_das_Geschlecht_aus,_mit_dem_Sie_sich_identifizieren._";"DemGes[other]_Bitte_wählen_Sie_aus_der_nachfolgenden_Liste_das_Geschlecht_aus,_mit_dem_Sie_sich_identifizieren.__[Sonstiges]";"DemAlt_Bitte_geben_Sie_nachfolgend_ihr_Alter_an:_";"DemBer_Bitte_geben_Sie_ihre_Berufsbezeichnung_an:_";"FolGER_Dürfen_wir_Sie_für_eine_Folgestudie_kontaktieren?_Falls_ja,_bitte_geben_Sie_hier_ihre_Emailadresse_an:_";"interviewtime_Gesamtzeit";"groupTime61665_Gruppenzeit:_Interest_Expectations";"TopIntTime_Fragenzeit:_TopInt";"CharExpTime_Fragenzeit:_CharExp";"groupTime61666_Gruppenzeit:_Familiarty_Literacy";"RanChaTime_Fragenzeit:_RanCha";"CharUndTime_Fragenzeit:_CharUnd";"ComCharTime_Fragenzeit:_ComChar";"SelAssTime_Fragenzeit:_SelAss";"JoyTime_Fragenzeit:_Joy";"CharFreqTime_Fragenzeit:_CharFreq";"groupTime61759_Gruppenzeit:_BeispielgruppeRandomisierung1";"gleichungaTime_Fragenzeit:_gleichunga";"Beispiel1Time_Fragenzeit:_Beispiel1";"Beispiel2Time_Fragenzeit:_Beispiel2";"Beispiel3Time_Fragenzeit:_Beispiel3";"Beispiel4Time_Fragenzeit:_Beispiel4";"Beispiel5Time_Fragenzeit:_Beispiel5";"Beispiel6Time_Fragenzeit:_Beispiel6";"groupTime61760_Gruppenzeit:_InsightsBsp1";"ErkBsp1Time_Fragenzeit:_ErkBsp1";"ErkBsp2Time_Fragenzeit:_ErkBsp2";"ErkBsp3Time_Fragenzeit:_ErkBsp3";"ErkBsp4Time_Fragenzeit:_ErkBsp4";"ErkBsp5Time_Fragenzeit:_ErkBsp5";"ErkBsp6Time_Fragenzeit:_ErkBsp6";"groupTime62327_Gruppenzeit:_BeispielgruppeRandomisierung2";"gleichungbTime_Fragenzeit:_gleichungb";"Beispiel7Time_Fragenzeit:_Beispiel7";"Beispiel8Time_Fragenzeit:_Beispiel8";"Beispiel9Time_Fragenzeit:_Beispiel9";"Beispiel10Time_Fragenzeit:_Beispiel10";"Beispiel11Time_Fragenzeit:_Beispiel11";"Beispiel12Time_Fragenzeit:_Beispiel12";"groupTime61763_Gruppenzeit:_InsightsBsp2";"ErkBsp7Time_Fragenzeit:_ErkBsp7";"ErkBsp8Time_Fragenzeit:_ErkBsp8";"ErkBsp9Time_Fragenzeit:_ErkBsp9";"ErkBsp10Time_Fragenzeit:_ErkBsp10";"ErkBsp11Time_Fragenzeit:_ErkBsp11";"ErkBsp12Time_Fragenzeit:_ErkBsp12";"groupTime62328_Gruppenzeit:_BeispielgruppeRandomisierung3";"gleichungcTime_Fragenzeit:_gleichungc";"Beispiel13Time_Fragenzeit:_Beispiel13";"Beispiel14Time_Fragenzeit:_Beispiel14";"Beispiel15Time_Fragenzeit:_Beispiel15";"Beispiel16Time_Fragenzeit:_Beispiel16";"Beispiel17Time_Fragenzeit:_Beispiel17";"Beispiel18Time_Fragenzeit:_Beispiel18";"groupTime61765_Gruppenzeit:_InsightsBsp3";"ErkBsp13Time_Fragenzeit:_ErkBsp13";"ErkBsp14Time_Fragenzeit:_ErkBsp14";"ErkBsp15Time_Fragenzeit:_ErkBsp15";"ErkBsp16Time_Fragenzeit:_ErkBsp16";"ErkBsp17Time_Fragenzeit:_ErkBsp17";"ErkBsp18Time_Fragenzeit:_ErkBsp18";"groupTime61671_Gruppenzeit:_Obstacles";"ObsTime_Fragenzeit:_Obs";"RemTime_Fragenzeit:_Rem";"groupTime61672_Gruppenzeit:_Demographics";"DemGesTime_Fragenzeit:_DemGes";"DemAltTime_Fragenzeit:_DemAlt";"DemBerTime_Fragenzeit:_DemBer";"groupTime61670_Gruppenzeit:_FollowUp";"FolGERTime_Fragenzeit:_FolGER"
"1";"2023-07-11 15:38:44";"53";"en";"395789538";"2023-07-11 15:00:22";"2023-07-11 15:38:44";"194.94.234.21";"Ja";"Ja";"Ja";"Ja";"Ja";"Nein";"Nein";"Ja";"Ja";"Nein";"Nein";"Nein";"Nein";"Nein";"Nein";"2";"Streudiagramm (Scatterplot)";"Hantel-Diagramm (Dotplot)";"XY Intensitätsdiagramm (XY Heatmap)";"Blasendiagramm (Bubble Chart)";"Kreis-Zeitleiste (Circle Timeline)";"Small Multiple Liniendiagramm (Small multiple line chart)";"Bienenschwarm-Diagramm (Beeswarm plot)";"Spinnennetz-Diagramm (Radar Chart)";"Marimekko Diagramm (Marimekko Chart)";"5";"5";"5";"4";"4";"4";"5";"6 - sehr gut, es klappt problemlos";"4";"5";"5";"4";"4";"";"";"";"";"";"";"";"";"";"4";"4";"2";"";"";"";"";"";"";"";"";"";"I learnt that between the mid of 2020 and the second quarter of 2022 the estimate number of layoffs were fairly low.";"";"";"9";"";"";"";"";"";"";"4";"5";"4";"";"";"";"";"";"";"";"";"";"";"";"The frequency is represented by the closeness of the different circles and he magnitude is represented by the size of the circles.";"";"";"";"13";"4";"4";"4";"";"";"";"";"";"";"";"";"";"";"";"";"";"";"";"The visualisation shows teh age distribution in different european capitals.";"";"";"";"";"";"Sometimes the visualisations were a bit to cramped to comprehend or different colours were missing.";"The first one showing the tech layoffs between 2020 and 2022.";"Männlich";"";"28";"student";"";"974.99";"";"19.02";"31.02";"";"76.51";"11.12";"12.13";"41.46";"11.64";"7.42";"";"";"";"";"";"46.93";"";"";"";"";"";"";"105.21";"";"";"";"";"";"";"44.57";"";"";"";"";"";"";"169.9";"";"";"";"";"";"100.45";"";"";"";"";"";"";"98.07";"";"";"";"";"";"";"77.85";"72.79";"";"9.85";"11.7";"12.86";"";"14.49"
"2";"";"47";"en";"1962629345";"2023-07-11 15:13:36";"2023-07-11 15:51:43";"195.37.186.56";"Ja";"Ja";"Ja";"Ja";"Ja";"Nein";"Nein";"Ja";"Nein";"Ja";"Ja";"Ja";"Nein";"Nein";"Nein";"2";"Spinnennetz-Diagramm (Radar Chart)";"Small Multiple Liniendiagramm (Small multiple line chart)";"Blasendiagramm (Bubble Chart)";"Streudiagramm (Scatterplot)";"XY Intensitätsdiagramm (XY Heatmap)";"Kreis-Zeitleiste (Circle Timeline)";"Bienenschwarm-Diagramm (Beeswarm plot)";"Marimekko Diagramm (Marimekko Chart)";"Hantel-Diagramm (Dotplot)";"3";"5";"5";"5";"5";"5";"4";"5";"3";"5";"5";"4";"6";"";"";"";"";"";"";"";"";"";"";"";"";"";"";"";"5";"4";"4";"";"";"";"";"";".";"12";"";"";"";"";"";"";"";"";"";"";"";"";"";"";"";"5";"4";"4";"";"";"";"";"";".";"14";"";"";"";"4";"4";"4";"";"";"";"";"";"";"";"";"";"";"";"";"";".";"";"";"";"";"";"";"";"";"";"";"";"2293.49";"";"256.6";"54.13";"";"71.12";"20.28";"13.68";"82.74";"321.26";"9.2";"";"";"";"";"";"";"";"497.97";"";"";"";"";"";"";"117.17";"";"";"";"";"";"";"";"642.12";"";"";"";"";"";"";"50.3";"";"";"";"145.77";"";"";"";"";"";"";"11.15";"";"";"";"";"";"";"";"";"";"";"";"";""
"3";"2023-07-11 15:35:31";"53";"en";"980783306";"2023-07-11 15:21:26";"2023-07-11 15:35:31";"194.94.234.21";"Nein";"Ja";"Ja";"Ja";"Ja";"Nein";"Nein";"Ja";"Nein";"Ja";"Nein";"Nein";"Ja";"Nein";"Nein";"2";"Small Multiple Liniendiagramm (Small multiple line chart)";"Hantel-Diagramm (Dotplot)";"Streudiagramm (Scatterplot)";"Blasendiagramm (Bubble Chart)";"Kreis-Zeitleiste (Circle Timeline)";"Marimekko Diagramm (Marimekko Chart)";"Spinnennetz-Diagramm (Radar Chart)";"XY Intensitätsdiagramm (XY Heatmap)";"Bienenschwarm-Diagramm (Beeswarm plot)";"6 - sehr einfach";"5";"5";"5";"6 - sehr gut, es klappt problemlos";"5";"5";"6 - sehr gut, es klappt problemlos";"4";"5";"6 - sehr";"5";"6";"";"";"";"";"";"";"";"";"";"";"";"";"";"";"";"5";"4";"4";"";"";"";"";"";"I conclude that the fence between Lithuania and Belarus is by far the longest fenced border between Europe and Belarus. I also see that oher countries are feeling the need to fence larger parts of their borders.";"9";"";"";"";"";"";"";"6 - sehr";"6 - sehr";"5";"";"";"";"";"";"";"";"";"";"";"";"That the japan earthquake had the highest frequency of aftershocks and that the turkey one procuded a similar frequency which is drasticly higher than other eartquakes of the same magnitude";"";"";"";"17";"";"";"";"";"";"";"";"";"";"";"";"";"3";"4";"4";"";"";"";"";"";"";"";"I learned that there seems to be an increase in mental health problems with both boys and girls in the last years. ";"";"The mental health one had too many visualization combined on a very small space. the other ones worked out quiet well";"Propably the earthquake visualization since its forms were very simple, they matched the topic and the overall viz was very easy to understand and easy to compare.";"Männlich";"";"22";"Student in communication design";"";"854.36";"";"20.37";"23.75";"";"65.66";"11.65";"13.36";"37.04";"22.91";"7.56";"";"";"";"";"";"";"";"43.57";"";"";"";"";"";"";"131.29";"";"";"";"";"43.28";"";"";"";"";"";"";"112.69";"";"";"";"";"";"";"";"";"";"31.79";"";"";"";"";"";"";"110.37";"";"";"53.05";"85.32";"";"7.57";"6.17";"22.17";"";"4.79"
"4";"2023-07-11 15:37:30";"53";"de";"2015074473";"2023-07-11 15:26:47";"2023-07-11 15:37:30";"194.94.234.21";"Ja";"Ja";"Ja";"Nein";"Ja";"Nein";"Nein";"Ja";"Nein";"Ja";"Ja";"Ja";"Nein";"Nein";"Nein";"2";"Small Multiple Liniendiagramm (Small multiple line chart)";"Streudiagramm (Scatterplot)";"Blasendiagramm (Bubble Chart)";"XY Intensitätsdiagramm (XY Heatmap)";"Spinnennetz-Diagramm (Radar Chart)";"Kreis-Zeitleiste (Circle Timeline)";"Bienenschwarm-Diagramm (Beeswarm plot)";"Hantel-Diagramm (Dotplot)";"Marimekko Diagramm (Marimekko Chart)";"6 - sehr einfach";"6 - Datenvisualisierungen sind einfacher zu verstehen als Zahlen im Text";"6 - sehr gut, es klappt problemlos";"6 - sehr gut, es klappt problemlos";"6 - sehr gut, es klappt problemlos";"6 - sehr gut, es klappt problemlos";"5";"6 - sehr gut, es klappt problemlos";"5";"6 - sehr";"5";"5";"4";"";"";"";"";"";"";"";"";"";"5";"6 - sehr";"3";"";"";"";"";"";"";"";"";"";"Nichts neues, was nicht schon bekannt war. der doppelt so große Kreis rechts wirkt auf den ersten Blick nicht doppelt so groß.";"";"";"10";"";"";"";"";"";"";"";"";"";"5";"6 - sehr";"4";"";"";"";"";"";"";"";"";"";"Für mich persönlich nichts neues. Bestätigung, dass gewisse pflanzliche Anbauten geringere Auswirkungen haben.";"";"";"16";"";"";"";"";"";"";"";"";"";"5";"6 - sehr";"3";"";"";"";"";"";"";"";"";"";"Keine neuen Erkenntnisse, dass die Benzin Balken kopfüber wirken, ist kurz verwirrend.";"";"";"Das letzte Balkendiagramm, hätte auch eine andere Diagrammart sein können.";"Anbau von Produkten, weil es mich am meisten angesprochen und bestätigt hat.";"Männlich";"";"33";"Software Entwickler";"";"652.66";"";"13.14";"21.33";"";"73.89";"11.05";"17.97";"29.27";"13.55";"14.68";"";"";"";"";"";"53.88";"";"";"";"";"";"";"53.67";"";"";"";"";"";"";"";"54.78";"";"";"";"";"";"";"92.75";"";"";"";"";"";"";"";"50.33";"";"";"";"";"";"";"46.05";"";"";"";"35.13";"42.16";"";"6.21";"4.51";"9.64";"";"8.67"
"5";"2023-07-11 15:48:54";"53";"en";"891609519";"2023-07-11 15:32:11";"2023-07-11 15:48:54";"194.94.105.114";"Nein";"Ja";"Ja";"Ja";"Nein";"Nein";"Nein";"Ja";"Nein";"Ja";"Ja";"Ja";"Nein";"Nein";"Nein";"2";"Streudiagramm (Scatterplot)";"XY Intensitätsdiagramm (XY Heatmap)";"Kreis-Zeitleiste (Circle Timeline)";"Bienenschwarm-Diagramm (Beeswarm plot)";"Blasendiagramm (Bubble Chart)";"Hantel-Diagramm (Dotplot)";"Marimekko Diagramm (Marimekko Chart)";"Small Multiple Liniendiagramm (Small multiple line chart)";"Spinnennetz-Diagramm (Radar Chart)";"2";"6 - Datenvisualisierungen sind einfacher zu verstehen als Zahlen im Text";"6 - sehr gut, es klappt problemlos";"6 - sehr gut, es klappt problemlos";"6 - sehr gut, es klappt problemlos";"6 - sehr gut, es klappt problemlos";"6 - sehr gut, es klappt problemlos";"6 - sehr gut, es klappt problemlos";"3";"6 - sehr";"6 - sehr";"2";"6";"";"";"";"";"";"";"";"";"";"";"";"";"";"";"";"5";"3";"3";"";"";"";"";"";"From this Visualization you can get the following information : 
which fences are completed and which fences are not 
the colour differences indicating the finished and the still unfinished fences 
the areas where fences are built or being built ";"12";"";"";"";"";"";"";"";"";"";"";"";"";"";"";"";"6 - sehr";"4";"6 - sehr";"";"";"";"";"";"The highest and the lowest degrees reached in the above mentioned countries ";"15";"";"";"";"";"";"";"4";"1 - gar nicht";"Weiß ich nicht";"";"";"";"";"";"";"";"";"";"";"";"I  didnt understand this Vis Completley so no comment ";"";"";"";"The visualizations were relativley understandable but the last one was a poor choice of colour and shapes also the units were not making sense to me ";"the Heat map of the highest and lowest degrees in Asia ";"Männlich";"";"25";"Student ";"mahdilimko@gmail.com";"983.58";"";"38.75";"20.16";"";"42.25";"8.99";"28.99";"26.15";"10.12";"11.54";"";"";"";"";"";"";"";"51.29";"";"";"";"";"";"";"94.57";"";"";"";"";"";"";"";"115.24";"";"";"";"";"";"";"39.25";"";"";"";"";"319.75";"";"";"";"";"";"";"22.66";"";"";"";"";"59.28";"19.63";"";"6.47";"5.17";"6.44";"";"56.88"
"6";"2023-07-11 15:48:57";"53";"de";"1905140807";"2023-07-11 15:32:23";"2023-07-11 15:48:57";"194.94.234.20";"Nein";"Ja";"Ja";"Nein";"Ja";"Nein";"Nein";"Ja";"Nein";"Ja";"Ja";"Ja";"Nein";"Nein";"Nein";"Ethisch angemessene Visualisierungen";"Streudiagramm (Scatterplot)";"Marimekko Diagramm (Marimekko Chart)";"Blasendiagramm (Bubble Chart)";"Small Multiple Liniendiagramm (Small multiple line chart)";"XY Intensitätsdiagramm (XY Heatmap)";"Spinnennetz-Diagramm (Radar Chart)";"Kreis-Zeitleiste (Circle Timeline)";"Hantel-Diagramm (Dotplot)";"Bienenschwarm-Diagramm (Beeswarm plot)";"5";"6 - Datenvisualisierungen sind einfacher zu verstehen als Zahlen im Text";"6 - sehr gut, es klappt problemlos";"6 - sehr gut, es klappt problemlos";"6 - sehr gut, es klappt problemlos";"6 - sehr gut, es klappt problemlos";"5";"6 - sehr gut, es klappt problemlos";"4";"6 - sehr";"6 - sehr";"4";"1";"6 - sehr";"6 - sehr";"6 - sehr";"";"";"";"";"";"";"";"";"";"";"";"";"";"";"";"Die Visualisierung bestätigt, dass wir nach wie vor in einer überwiegend patriarchalischen Gesellschaft leben, in der es Männern einfacher als Frauen fällt, in Entscheidungspositionen zu gelangen. ";"";"";"";"";"";"9";"";"";"";"";"";"";"5";"6 - sehr";"5";"";"";"";"";"";"";"";"";"";"";"";"Die Visualisierung gibt einen Überblick über große Erdbebenereignisse und ihre Nachbeben. Mithilfe der Kreisumfänge ist es möglich die Schwere der verschiedneen Ereignisse miteinander zu vergleichen.";"";"";"";"16";"";"";"";"";"";"";"";"";"";"6 - sehr";"6 - sehr";"6 - sehr";"";"";"";"";"";"";"";"";"";"Mithilfe der Visualisierung lässt sich die Verteilung der verschiedenen Kraftfahrzeugantriebsarten in den abgebildeten Ländern miteinander vergleichen. Es zeigt sich, dass in den meisten Ländern noch hauptsächlich Verbrennungsmotoren verwendet werden. Norwegen bildet die Ausnahme und ist in Hinblick auf den Wechsel zu Elektromotoren bereits weit fortgeschritten.";"";"";"Die Visualisierung der Erdbeben hätte noch Informationen zu den Folgen der Ereignisse enthalten können, da für die Einschätzung der Bedeutung der Visualisierung ein Bezugspunkt fehlte. Die anderen Visualisierungen waren leicht verständlich und informativ.";"Das Beispiel zum Frauenanteil im Bayrischen Landtag. Die Visualisierung war auf den ersten Blick und ohne größere Anstrengungen verständlich und thematisiert ein wichtiges Thema.";"Männlich";"";"31";"Student";"nico.beyer@fh-potsdam.de";"1005.62";"";"20.49";"63.28";"";"88.94";"11.61";"10.94";"26.87";"13.43";"12.77";"";"";"54.19";"";"";"";"";"";"";"130.96";"";"";"";"";"";"";"";"";"";"36.16";"";"";"";"";"";"";"99.93";"";"";"";"";"";"";"";"";"53.61";"";"";"";"";"";"";"154.85";"";"";"";"98.74";"88.2";"";"8.36";"6.31";"14.42";"";"11.56"
"7";"2023-07-11 16:02:30";"53";"de";"1543496910";"2023-07-11 15:33:13";"2023-07-11 16:02:30";"194.94.234.21";"Nein";"Nein";"Ja";"Nein";"Ja";"Nein";"Nein";"Ja";"Nein";"Nein";"Nein";"Ja";"Nein";"Nein";"Nein";"2";"Small Multiple Liniendiagramm (Small multiple line chart)";"Spinnennetz-Diagramm (Radar Chart)";"XY Intensitätsdiagramm (XY Heatmap)";"Hantel-Diagramm (Dotplot)";"Streudiagramm (Scatterplot)";"Marimekko Diagramm (Marimekko Chart)";"Blasendiagramm (Bubble Chart)";"Bienenschwarm-Diagramm (Beeswarm plot)";"Kreis-Zeitleiste (Circle Timeline)";"4";"5";"5";"5";"5";"5";"5";"5";"4";"Weiß ich nicht";"Weiß ich nicht";"4";"5";"";"";"";"";"";"";"";"";"";"";"";"";"";"";"";"";"";"";"";"";"";"";"Ich sehe, dass Margret Thatcher die längste Zeit Premieministerin war. Und dass die meisten Premieminister von der blauen Partei sind bzw. waren. Erkennen konnte man das an der länger der Balken und deren Farben. ";"";"10";"";"";"";"";"";"";"";"";"";"4";"4";"4";"";"";"";"";"";"";"";"";"";"Ich erkenne, dass Fisch große Auswirkungen hat, aber nicht wirklich viel produziert wird und bei Feldfrüchten ist es eher das Gegenteil geringe Auswirkung aber hohe Produktion. Fleisch wird viel produziert hat aber auch hohe Auswirkung.  Es gibt keine bis kaum geringe Produktion/geringe Auswirkung.
Man erkennt es an den Farben der Punkte und deren Positionen. ";"";"";"18";"";"";"";"";"";"";"";"";"";"";"";"";"";"";"";"3";"4";"Weiß ich nicht";"";"";"";"";"";"Die meisten Leute haben ihre gewollte Strafe bekommen, viele haben eine leichtere Strafe bekommen, manche haben eine schwerere Strafe bekommen und einer ist anscheinend freigesprochen worden.
Man erkennt es an den Farben und der Dicke der Kurven sowie wohin sie geführt haben.";"die ""gleichen Strafen"" waren etwas sehr blass";"die zweite, war am verständlichsten";"Männlich";"";"31";"Student";"";"1766.61";"";"41.43";"38.35";"";"100.84";"24.24";"19.96";"57.87";"25.34";"15.92";"";"";"";"";"";"";"";"";"";"";"";"";"";"351.45";"";"";"";"";"";"";"84.07";"";"";"";"";"";"";"363.1";"";"";"";"";"";"";"";"";"";"132.12";"";"";"";"";"";"";"295.16";"";"52.72";"120.9";"";"14.44";"12";"8.91";"";"7.79"
"8";"2023-07-11 15:57:31";"53";"de";"847310401";"2023-07-11 15:33:15";"2023-07-11 15:57:31";"194.94.234.21";"Nein";"Ja";"Ja";"Nein";"Nein";"Nein";"Nein";"Ja";"Nein";"Ja";"Nein";"Nein";"Nein";"Nein";"Nein";"2";"Small Multiple Liniendiagramm (Small multiple line chart)";"Streudiagramm (Scatterplot)";"XY Intensitätsdiagramm (XY Heatmap)";"Spinnennetz-Diagramm (Radar Chart)";"Hantel-Diagramm (Dotplot)";"Marimekko Diagramm (Marimekko Chart)";"Bienenschwarm-Diagramm (Beeswarm plot)";"Blasendiagramm (Bubble Chart)";"Kreis-Zeitleiste (Circle Timeline)";"5";"5";"5";"4";"4";"5";"4";"4";"4";"5";"4";"4";"3";"";"";"";"";"";"";"4";"5";"4";"";"";"";"";"";"";"";"";"";"";"";"ich kenne den Prozess der Suburbanisierung bereits aus der Schule, die Grafik bestätigt also das wissen, dass viele Menschen aus den Großstädten wegziehen und zu Pendlern werden, das sie oft noch in der Stadt arbeiten.";"";"";"";"7";"4";"4";"3";"";"";"";"";"";"";"";"";"";"";"";"";"";"";"";"China hat in den vergangenen Jahren stark aufgeholt. Der Vorreiter in Europa ist UK, die ESA scheint weit hinterherzuhängen. Graund dafür ist vermutlich, dass die amerikanischen Starts vorallem kommerziell sind, die europäischen Starts vorallem der wissenschaftlichen Forschung dienen.";"";"";"";"";"";"15";"";"";"";"";"";"";"5";"5";"5";"";"";"";"";"";"";"";"";"";"";"";"Es scheint ein Problem bei der Produktion von Strom zu geben, dass immer größer wird. 
Das Energiedefizit scheint in den Wintermonaten extremer zu werden. Vermutlich wird zu dieser Zeit mehr Strom genutzt, oder zu wenig produziert.";"";"";"";"Betrifft nicht mich, aber die Farbwahl kann es für einige Farbenblinde schwierig machen  die Grafiken eindeutig zu erkennen.";"Die Grafik zur Suburbanisierung, da mich dieses Thema interessiert.";"Männlich";"";"23";"Student";"";"1465.89";"";"15.49";"38.27";"";"94.05";"15.72";"15.84";"33.3";"18.73";"9.54";"";"";"";"";"62.61";"";"";"";"";"";"";"285.02";"";"";"";"";"";"93.65";"";"";"";"";"";"";"243.54";"";"";"";"";"";"";"";"";"";"86.86";"";"";"";"";"";"";"214.45";"";"";"";"";"95.81";"103.31";"";"10.8";"8.1";"8.47";"";"12.33"
"10";"2023-07-11 15:46:09";"53";"en";"1888494460";"2023-07-11 15:33:16";"2023-07-11 15:46:09";"194.94.234.21";"Nein";"Nein";"Ja";"Nein";"Ja";"Nein";"Nein";"Nein";"Ja";"Nein";"Nein";"Nein";"Ja";"Nein";"Nein";"2";"Small Multiple Liniendiagramm (Small multiple line chart)";"Streudiagramm (Scatterplot)";"Marimekko Diagramm (Marimekko Chart)";"Spinnennetz-Diagramm (Radar Chart)";"Blasendiagramm (Bubble Chart)";"XY Intensitätsdiagramm (XY Heatmap)";"Bienenschwarm-Diagramm (Beeswarm plot)";"Kreis-Zeitleiste (Circle Timeline)";"Hantel-Diagramm (Dotplot)";"5";"4";"6 - sehr gut, es klappt problemlos";"5";"5";"5";"3";"6 - sehr gut, es klappt problemlos";"4";"6 - sehr";"6 - sehr";"3";"3";"";"";"";"";"";"";"4";"5";"5";"";"";"";"";"";"";"";"";"";"";"";"I learned that there are less people moving into the city than moving out - over 100,000";"";"";"";"7";"5";"5";"5";"";"";"";"";"";"";"";"";"";"";"";"";"";"";"";"Russia and the USA have been launching rockets rather consistently since the 1960's , although the USA has pulled ahead with a massive amount of recent launches";"";"";"";"";"";"18";"";"";"";"";"";"";"";"";"";"";"";"";"";"";"";"3";"3";"5";"";"";"";"";"";"There is a stark difference between government recommended sentences compared to the actual sentences that convicts receive";"When they look messy and take some time to understand design wise ";"The one about the prison sentences because it's visual design was very uncommon and the information was highly interesting to me";"Männlich";"";"mid 20's";"Student";"";"783.38";"";"13.73";"26.22";"";"97.04";"8.81";"18.45";"33.91";"10.75";"7.4";"";"";"";"";"50.4";"";"";"";"";"";"";"65.85";"";"";"";"";"";"27.96";"";"";"";"";"";"";"72.6";"";"";"";"";"";"";"";"";"";"";"";"";"32.34";"";"";"";"";"";"";"122.61";"";"123.76";"38.68";"";"11.99";"9.06";"6.37";"";"5.45"
"11";"2023-07-11 15:53:49";"53";"en";"1130679651";"2023-07-11 15:33:17";"2023-07-11 15:53:49";"194.94.234.21";"Nein";"Ja";"Ja";"Nein";"Ja";"Nein";"Nein";"Ja";"Nein";"Nein";"Ja";"Nein";"Ja";"Nein";"Nein";"2";"Small Multiple Liniendiagramm (Small multiple line chart)";"Streudiagramm (Scatterplot)";"Blasendiagramm (Bubble Chart)";"Spinnennetz-Diagramm (Radar Chart)";"Kreis-Zeitleiste (Circle Timeline)";"Hantel-Diagramm (Dotplot)";"XY Intensitätsdiagramm (XY Heatmap)";"Marimekko Diagramm (Marimekko Chart)";"Bienenschwarm-Diagramm (Beeswarm plot)";"4";"3";"6 - sehr gut, es klappt problemlos";"Weiß ich nicht";"Weiß ich nicht";"6 - sehr gut, es klappt problemlos";"6 - sehr gut, es klappt problemlos";"6 - sehr gut, es klappt problemlos";"3";"4";"4";"4";"3";"";"";"";"";"";"";"5";"6 - sehr";"5";"";"";"";"";"";"";"";"";"";"";"";"Dass viele ab 2020 umgezogen sind";"";"";"";"9";"";"";"";"";"";"";"3";"5";"4";"";"";"";"";"";"";"";"";"";"";"";"In Japan dauerte der Erdbeben mehr als 90 Tage";"";"";"";"18";"";"";"";"";"";"";"";"";"";"";"";"";"";"";"";"6 - sehr";"6 - sehr";"6 - sehr";"";"";"";"";"";"Die Meisten bekamen weniger als gefordert wurde";"Die Kreise bei der zweiten Visualisierung im oberen Bereich zwischen Japan und Türkei lagen übereinander und es war nicht ganz eindeutig welcher zu welchem Erdbeben gehört.";"Die letzte zu den Riots in Washington";"Weiblich";"";"31";"Archivist";"nein";"1243.3";"";"25.08";"59.46";"";"119.59";"23.55";"57.72";"81.93";"68.44";"18.52";"";"";"";"";"129.94";"";"";"";"";"";"";"104.25";"";"";"";"";"";"";"";"84.69";"";"";"";"";"";"";"69.24";"";"";"";"";"";"";"";"";"";"";"63.99";"";"";"";"";"";"";"86.11";"";"134.91";"66.24";"";"10.84";"8.82";"15.57";"";"14.41"
"12";"";"15";"de";"889420283";"2023-07-11 15:33:19";"2023-07-11 15:42:12";"194.94.234.21";"Nein";"Nein";"Ja";"Nein";"Ja";"Nein";"Nein";"Ja";"Ja";"Nein";"Nein";"Nein";"Nein";"Ja";"Nein";"2";"Small Multiple Liniendiagramm (Small multiple line chart)";"Streudiagramm (Scatterplot)";"Spinnennetz-Diagramm (Radar Chart)";"Hantel-Diagramm (Dotplot)";"Blasendiagramm (Bubble Chart)";"XY Intensitätsdiagramm (XY Heatmap)";"Kreis-Zeitleiste (Circle Timeline)";"Marimekko Diagramm (Marimekko Chart)";"Bienenschwarm-Diagramm (Beeswarm plot)";"5";"5";"6 - sehr gut, es klappt problemlos";"4";"5";"6 - sehr gut, es klappt problemlos";"4";"6 - sehr gut, es klappt problemlos";"3";"6 - sehr";"6 - sehr";"3";"1";"5";"6 - sehr";"5";"";"";"";"";"";"";"";"";"";"";"";"";"";"";"";"";"";"";"";"";"";"";"";"";"";"";"";"";"";"";"";"";"";"";"";"";"";"";"";"";"";"";"";"";"";"";"";"";"";"";"";"";"";"";"";"";"";"";"";"";"";"";"";"";"";"";"";"";"";"";"";"";"";"";"";"";"";"";"538.43";"";"15.89";"33.23";"";"98.88";"16.82";"19.15";"37.09";"28.69";"11.26";"";"";"51.22";"";"";"";"";"";"";"226.2";"";"";"";"";"";"";"";"";"";"";"";"";"";"";"";"";"";"";"";"";"";"";"";"";"";"";"";"";"";"";"";"";"";"";"";"";"";"";"";"";"";"";"";""
"13";"2023-07-11 15:58:57";"53";"de";"2076196096";"2023-07-11 15:33:23";"2023-07-11 15:58:57";"195.37.186.56";"Nein";"Nein";"Ja";"Ja";"Ja";"Nein";"Nein";"Ja";"Ja";"Nein";"Nein";"Nein";"Nein";"Nein";"Nein";"2";"Small Multiple Liniendiagramm (Small multiple line chart)";"Streudiagramm (Scatterplot)";"Spinnennetz-Diagramm (Radar Chart)";"Hantel-Diagramm (Dotplot)";"XY Intensitätsdiagramm (XY Heatmap)";"Blasendiagramm (Bubble Chart)";"Kreis-Zeitleiste (Circle Timeline)";"Bienenschwarm-Diagramm (Beeswarm plot)";"Marimekko Diagramm (Marimekko Chart)";"3";"3";"5";"5";"6 - sehr gut, es klappt problemlos";"5";"5";"5";"2";"5";"6 - sehr";"3";"1";"5";"5";"5";"";"";"";"";"";"";"";"";"";"";"";"";"";"";"";"Der Landtag hat ein Gender Equality/Repräsentationsproblem. De Farbcodierung hilft, evtl. wäre es einfacher zu verstehen, wenn statt grau und orange pink und blau genutzt wären, allerdings würden so schädliche Stereotypen weiter reproduziert werden.

Außerdem: In Bayern gibt es keine nicht binären Menschen :( /s";"";"";"";"";"";"12";"";"";"";"";"";"";"";"";"";"";"";"";"";"";"";"5";"4";"4";"";"";"";"";"";"Es war heiß.
Die ergänzenden Infos an den Pfeilen finde ich gut, da sie zusätzliche interessante Information geben, die ich nicht so einfach aus der Viz herauslesen hätte können. Es ist ein wenig verwirrend, dass jew. zwei Viz neben einander gesetzt wurden, als ob die Timeline noch weitergehen würde";"13";"5";"4";"4";"";"";"";"";"";"";"";"";"";"";"";"";"";"";"";"Hmm";"";"";"";"";"";"Waren die Altersurnen nach Intensität Farbkodiert? Das Umfragetool lässt leider kein zurückgehen zu..  außerdem war in der Vizualisierung für mich nicht erkennbar, dass Berlin einer der jüngsten Städte ist. ";"Die ergänzenden Informationen in der Hitze Grafik fande ich gut";"Nicht-binär";"";"21";"Studi";"";"1502.52";"";"17.02";"20.31";"";"71.62";"24.83";"17.39";"37.97";"12.81";"19.12";"";"";"80.58";"";"";"";"";"";"";"319.13";"";"";"";"";"";"";"";"";"";"";"";"";"131.99";"";"";"";"";"";"";"216.42";"";"";"86.15";"";"";"";"";"";"";"116.45";"";"";"";"";"";"";"195.97";"56.28";"";"9.47";"7.75";"26.76";"";"34.5"
"14";"2023-07-11 15:47:20";"53";"de";"1540397837";"2023-07-11 15:33:27";"2023-07-11 15:47:20";"194.94.234.21";"Nein";"Ja";"Ja";"Nein";"Ja";"Nein";"Nein";"Nein";"Ja";"Ja";"Ja";"Nein";"Nein";"Nein";"Nein";"2";"Small Multiple Liniendiagramm (Small multiple line chart)";"Streudiagramm (Scatterplot)";"Blasendiagramm (Bubble Chart)";"XY Intensitätsdiagramm (XY Heatmap)";"Kreis-Zeitleiste (Circle Timeline)";"Spinnennetz-Diagramm (Radar Chart)";"Hantel-Diagramm (Dotplot)";"Bienenschwarm-Diagramm (Beeswarm plot)";"Marimekko Diagramm (Marimekko Chart)";"5";"6 - Datenvisualisierungen sind einfacher zu verstehen als Zahlen im Text";"5";"4";"5";"6 - sehr gut, es klappt problemlos";"6 - sehr gut, es klappt problemlos";"4";"4";"5";"5";"4";"6";"";"";"";"";"";"";"";"";"";"";"";"";"";"";"";"4";"6 - sehr";"5";"";"";"";"";"";"Ersten zu sehen, wo überall zu Russland Zeune sind. Zweitens wie groß die Zäune sind und drittens, welche Grenzen zu Russland am längsten sind. ";"8";"";"";"";"Weiß ich nicht";"Weiß ich nicht";"Weiß ich nicht";"";"";"";"";"";"";"";"";"";"";"";"";"";"Es war mir neu, das so wenige Personen in Wohnheimen wohnen, gefühlt dachte ich, es wären mehr. Ebenfalls hat mich überrascht wie hoch der Anteil allein wohnender Studierender ist, im Verhältnis zu den WGs und Wohnheimen. ";"";"";"";"";"17";"";"";"";"";"";"";"";"";"";"";"";"";"2";"3";"4";"";"";"";"";"";"";"";"Ich nehme vor allem mit, das es einen starken Trend für diese Erkrankungen gibt, Ansonsten sind es mir zu viele Einzelne Grafiken und ich kann mich schlecht fokussieren. Es fehlt eine Art zusammenfassung des ganzen. Und in england scheint es einen Gap zwischen Mädchen und Jungen zu geben. Gerade was das selbstwertgefühl angeht. ";"";"Mehrere Darstellungen. Zu viel Text auf der Grafik. Zu wenig Einsatz markanter Farben und zu wenig interaktivität. ";"Das beispiel mit den Wohnungsvisualierungen, leider wurde es mir nicht bei der ersten Frage angezeigt. Das war aber für mich, da ich selber Student bin, sehr interessant zu sehen. ";"Männlich";"";"23";"Student";"timkra.pdm@gmail.com";"842.11";"";"14.2";"28.56";"";"134.26";"11.54";"12.16";"29.69";"13.18";"11.96";"";"";"";"";"";"";"";"70.59";"";"";"";"";"";"";"85.57";"";"";"";"18.24";"";"";"";"";"";"";"154.7";"";"";"";"";"";"";"";"";"";"";"29.46";"";"";"";"";"";"";"130.22";"";"";"30.1";"32.4";"";"7.78";"6.33";"6.36";"";"14.81"
"15";"2023-07-11 15:56:44";"53";"de";"1025585380";"2023-07-11 15:33:37";"2023-07-11 15:56:44";"194.94.234.21";"Nein";"Nein";"Ja";"Nein";"Ja";"Nein";"Nein";"Ja";"Ja";"Ja";"Nein";"Nein";"Nein";"Nein";"Nein";"2";"Small Multiple Liniendiagramm (Small multiple line chart)";"Blasendiagramm (Bubble Chart)";"Kreis-Zeitleiste (Circle Timeline)";"Streudiagramm (Scatterplot)";"Spinnennetz-Diagramm (Radar Chart)";"XY Intensitätsdiagramm (XY Heatmap)";"Marimekko Diagramm (Marimekko Chart)";"Hantel-Diagramm (Dotplot)";"Bienenschwarm-Diagramm (Beeswarm plot)";"3";"5";"Weiß ich nicht";"5";"5";"Weiß ich nicht";"Weiß ich nicht";"Weiß ich nicht";"Weiß ich nicht";"6 - sehr";"6 - sehr";"5";"6";"";"";"";"";"";"";"";"";"";"";"";"";"";"";"";"4";"5";"5";"";"";"";"";"";"- Vergleich der Länder und ihren Grenzen die mit einem Zaun verstärkt sind
- Bestimmte Zaungrenzen aktuell weiter aufgerüstet werden --> Generell nimmt eine Abgrenzung durch Zäune zwischen der EU und RUS, Belarus zu
";"9";"";"";"";"";"";"";"5";"5";"4";"";"";"";"";"";"";"";"";"";"";"";"Neues erfahren: - Einordnung des Türkei / Syrien - Erdbeben in den Kontext der ""Großen Erdbeben"" der letzten 10 Jahre (? --> Angabe fehlt) 
- Wie lange und häufig Nachbeben auftreten können


Bestätigtes Wissen: - Erdbeben in der Türkei/Syrien war sehr intensiv.

Teil der Visualisierung, der besonders gut geholfen hat: Die Darstellung der Nachbeben auf der Skala, ermöglicht spannenden Vergleich";"";"";"";"14";"";"";"";"4";"4";"4";"";"";"";"";"";"";"";"";"";"";"";"";"";"- Songs werden zunehmend trauriger 
- Generell sind die Top-Eurovision-Songcontest-Song überdurchschnittlich als ""energetisierend"" einzuordnen auf den Skalen der Spotify-Metrik
-  Generell sind die Top-Eurovision-Songcontest-Song überdurchschnittlich als ""tanzbar"" einzuordnen auf den Skalen der Spotify-Metrik
";"";"";"";"";"Die Skala könnte etwas breiter sein, damit die einzelnen Ausprägungen besser zu sehen sind. 
Ich habe mich gerade gefragt, ob der Farbverlauf eine Bedeutung hatte oder eher verwirrt";"Die Erdbebenvisualisierung, da sie für mich sehr klare Elemente aufgewiesen hat, die sich in einer übersichtlichkeit (viel weißraum) wiederholt haben ( es wurde nur mit kreisförmigen Elementn gearbeitete ziehen sich durch) ";"Weiblich";"";"26";"Studentin";"";"1395.52";"";"19.95";"53.18";"";"87.89";"26.02";"12.4";"56.25";"14.9";"9.36";"";"";"";"";"";"";"";"79.78";"";"";"";"";"";"";"200.18";"";"";"";"";"102.12";"";"";"";"";"";"";"267.39";"";"";"";"";"";"";"64.2";"";"";"";"";"";"";"169.01";"";"";"";"";"";"89.48";"113.51";"";"6.75";"6.45";"6.94";"";"9.76"
"16";"2023-07-11 15:58:01";"53";"de";"1690946104";"2023-07-11 15:33:44";"2023-07-11 15:58:01";"194.94.234.21";"Nein";"Ja";"Ja";"Nein";"Ja";"Nein";"Nein";"Ja";"Nein";"Ja";"Ja";"Nein";"Nein";"Nein";"Nein";"2";"Small Multiple Liniendiagramm (Small multiple line chart)";"Streudiagramm (Scatterplot)";"XY Intensitätsdiagramm (XY Heatmap)";"Blasendiagramm (Bubble Chart)";"Kreis-Zeitleiste (Circle Timeline)";"Spinnennetz-Diagramm (Radar Chart)";"Hantel-Diagramm (Dotplot)";"Bienenschwarm-Diagramm (Beeswarm plot)";"Marimekko Diagramm (Marimekko Chart)";"5";"5";"6 - sehr gut, es klappt problemlos";"5";"5";"5";"6 - sehr gut, es klappt problemlos";"6 - sehr gut, es klappt problemlos";"Weiß ich nicht";"6 - sehr";"6 - sehr";"5";"5";"";"";"";"";"";"";"";"";"";"";"";"";"";"";"";"";"";"";"";"";"";"";"Mit dem Liniendiagramm ist einfach zu erkennen, welcher Premierminister die meisten Tage im Amt war. Hier fehlt mir eine Erklätung bei den Farben und das Zeitdiagramm unten könnte man für ein besseres Verständis ebenfalls noch beschriften";"";"7";"2";"6 - very";"2";"";"";"";"";"";"";"";"";"";"";"";"";"";"";"";"Dass die USA die meisten Raketen ins Weltall schießen, gefolgt mit großem Abstand von Russland, China und dem Vereinten Königreich. Der Zeitverlauf ist ebenfalls interessant. Da hier teilweise die Farben unter gehen, hätte ich eine anderen Visualisuerngsform gewählt";"";"";"";"";"";"18";"";"";"";"";"";"";"";"";"";"";"";"";"";"";"";"6 - sehr";"5";"4";"";"";"";"";"";"Die Unterteilung der Strafen in Balken sowie die Farben verdeutlichen gut, ob die Starfen härter und schwacher ausfallen sollten. Das Grau für Gleich rückt dabei in den Hintergrund, da es auch keinen Untercsheid bei der Aussage macht. Die Leserichtung von Links nach rechts sollte eindeutig sein";"wenn Legenden fehlen, ungünstig gewählte Farben oder Darstellungsformen";"Das Letzte Diagramm, da ich es noch nicht so häufig gesehen habe ";"Weiblich";"";"27";"Student";"";"1465.51";"";"28.35";"46.61";"";"113.04";"24.73";"14.77";"46.68";"36.11";"17.56";"";"";"";"";"";"";"";"";"";"";"";"";"";"295.65";"";"";"";"108.1";"";"";"";"";"";"";"190.8";"";"";"";"";"";"";"";"";"";"";"";"";"91.62";"";"";"";"";"";"";"271.02";"";"82.26";"56.22";"";"13.19";"8.75";"11.62";"";"8.43"
"17";"2023-07-11 15:48:18";"53";"de";"1805284355";"2023-07-11 15:33:58";"2023-07-11 15:48:18";"193.175.2.249";"Nein";"Nein";"Ja";"Nein";"Ja";"Nein";"Nein";"Ja";"Ja";"Ja";"Ja";"Ja";"Nein";"Nein";"Nein";"2";"Small Multiple Liniendiagramm (Small multiple line chart)";"Streudiagramm (Scatterplot)";"Blasendiagramm (Bubble Chart)";"Spinnennetz-Diagramm (Radar Chart)";"Hantel-Diagramm (Dotplot)";"Bienenschwarm-Diagramm (Beeswarm plot)";"XY Intensitätsdiagramm (XY Heatmap)";"Kreis-Zeitleiste (Circle Timeline)";"Marimekko Diagramm (Marimekko Chart)";"5";"6 - Datenvisualisierungen sind einfacher zu verstehen als Zahlen im Text";"Weiß ich nicht";"Weiß ich nicht";"Weiß ich nicht";"Weiß ich nicht";"Weiß ich nicht";"Weiß ich nicht";"Weiß ich nicht";"6 - sehr";"6 - sehr";"4";"3";"";"";"";"";"";"";"3";"6 - sehr";"5";"";"";"";"";"";"";"";"";"";"";"";"Boom der Großstädte in den frühen 2000ern davor Trend eher aufs Land und seit einiger Zeit ebenfalls wieder Trend aus Großstädten heraus.";"";"";"";"10";"";"";"";"";"";"";"";"";"";"3";"4";"4";"";"";"";"";"";"";"";"";"";"Besonders spannend, dass es Lebensmittel gibt, die wir viel produzieren und die eine hohe Auswirkung haben (z.B. Fleisch) aber auch in geringen Mengen (z.B. Fisch) können eine große Auswirkung haben. Pflanzliche Lebensmittel werden viel hergestellt und haben dennoch überwiegend geringe Auswirkungen. Diese Erkenntnis ist allerdings nicht wirklich neu für mich.";"";"";"13";"3";"3";"3";"";"";"";"";"";"";"";"";"";"";"";"";"";"";"";"Städte haben unterschiedliche Altersverteilungen. Leider für mich schlecht vergleichbar (Balken sind unterschiedlich Dick) es fallen mir eigentlich nur extreme auf (Bsp.: Kopenhagen besonders viele Menschen zwischen 25 und 30)";"";"";"";"";"";"Anordnung untereinander, zu viele Städte auf einmal gefühlt sehr ähnliche Grafiken ";"-";"Männlich";"";"25";"Student";"nein";"868.68";"";"11.33";"25.94";"";"112.98";"11.01";"10.02";"37.06";"12.7";"8.08";"";"";"";"";"49.57";"";"";"";"";"";"";"68.76";"";"";"";"";"";"";"";"";"78.56";"";"";"";"";"";"";"156.31";"";"";"";"";"91.62";"";"";"";"";"";"";"93.71";"";"";"";"";"";"";"51.45";"20.76";"";"7.31";"6.36";"6.53";"";"8.62"
"18";"2023-07-11 15:42:20";"53";"de";"1645494967";"2023-07-11 15:33:59";"2023-07-11 15:42:20";"195.37.186.56";"Nein";"Nein";"Nein";"Nein";"Nein";"Ja";"Nein";"Nein";"Ja";"Ja";"Ja";"Ja";"Nein";"Nein";"Nein";"2";"Streudiagramm (Scatterplot)";"Small Multiple Liniendiagramm (Small multiple line chart)";"Blasendiagramm (Bubble Chart)";"Bienenschwarm-Diagramm (Beeswarm plot)";"Marimekko Diagramm (Marimekko Chart)";"Hantel-Diagramm (Dotplot)";"Kreis-Zeitleiste (Circle Timeline)";"Spinnennetz-Diagramm (Radar Chart)";"XY Intensitätsdiagramm (XY Heatmap)";"3";"2";"5";"5";"5";"5";"5";"6 - sehr gut, es klappt problemlos";"5";"5";"5";"4";"4";"";"";"";"";"";"";"";"";"";"2";"2";"3";"";"";"";"";"";"";"";"";"";"Der Anfang und Ende hat mir gefallen. Der Mittlere Teil erschließt sich mir nicht genau.";"";"";"9";"";"";"";"";"";"";"3";"2";"3";"";"";"";"";"";"";"";"";"";"";"";"Außer der Rangfolge nach Schweregrad, ist diese Visualisierung schwer nachzuvollziehen. Insbesondere die Überschneidungen bei den Häufigkeiten sind unübersichtlich.";"";"";"";"18";"";"";"";"";"";"";"";"";"";"";"";"";"";"";"";"3";"4";"3";"";"";"";"";"";"Ich verstehe diese Visualisierung nicht so gut.";"Insgesamt finde ich die Visualisierung sehr komplex. Jedoch sehe ich diese Art auch zum ersten Mal. Die häufigen Überschneidungen haben eine Verfolgung erschwert.";"Die Erdbeben-Visualisierung ist mir besonders in Erinnerung geblieben, da sie eine Rangfolge und Häufigkeit angezeigt hat. Dies hat man gleich gesehen.";"Männlich";"";"30";"Student";"";"513.26";"";"13.69";"14.91";"";"68.6";"12.44";"12.87";"21.58";"14.55";"7.02";"";"";"";"";"";"23.93";"";"";"";"";"";"";"53.87";"";"";"";"";"";"";"21.15";"";"";"";"";"";"";"58.03";"";"";"";"";"";"";"";"";"";"";"37.78";"";"";"";"";"";"";"17.6";"";"59.89";"47.15";"";"7.31";"4.92";"6.39";"";"9.58"
"19";"2023-07-11 15:55:14";"53";"de";"1883909767";"2023-07-11 15:34:01";"2023-07-11 15:55:14";"194.94.234.21";"Ja";"Ja";"Ja";"Nein";"Ja";"Nein";"Nein";"Ja";"Ja";"Ja";"Nein";"Nein";"Ja";"Nein";"Nein";"2";"Streudiagramm (Scatterplot)";"Blasendiagramm (Bubble Chart)";"Small Multiple Liniendiagramm (Small multiple line chart)";"Spinnennetz-Diagramm (Radar Chart)";"Marimekko Diagramm (Marimekko Chart)";"Kreis-Zeitleiste (Circle Timeline)";"XY Intensitätsdiagramm (XY Heatmap)";"Bienenschwarm-Diagramm (Beeswarm plot)";"Hantel-Diagramm (Dotplot)";"4";"4";"6 - sehr gut, es klappt problemlos";"5";"5";"5";"4";"5";"Weiß ich nicht";"5";"6 - sehr";"4";"4";"";"";"";"";"";"";"";"";"";"5";"4";"3";"";"";"";"";"";"";"";"";"";"Die Entwicklung der Anzahl von Entlassungen innerhalb eines Jahres, über die Jahre 2020 bis 2022. Der höchste Wert innerhalb des Jahres wird durch einen Rahmen und Beschriftung hervorgehoben. Hilfreich wäre aber die Anzeige einer Summe für jedes Jahr, da es keine Legende für die Größe der Kreise bzw. einen Bezug zur Anzahl der Entlassungen über die Monate gibt.";"";"";"7";"5";"6 - very";"5";"";"";"";"";"";"";"";"";"";"";"";"";"";"";"";"Anzahl der Satelliten je Land in der zeitlichen Entwicklung ab ca. 1950?";"";"";"";"";"";"14";"";"";"";"4";"5";"5";"";"";"";"";"";"";"";"";"";"";"";"";"";"Eine interessante Herangehensweise eine Gewichtung von Metriken bei der Musik zu finden. Interessant wäre hier wenn man sich die einzelnen Jahre im Detail ansehen kann.";"";"";"";"";"Schwierigkeit: Die engmaschige Aneinanderreihung der Kurven machen es schwierig die Jahre genauer zu betrachten. Auch Werte für die Kurven wären interessant.";"Musik, da es die letzte Grafik war, danach die Grafik der Entlassungen";"Weiblich";"";"37";"Studierende";"nein";"1285.14";"";"18.72";"48.68";"";"101.5";"20.8";"42.37";"50.47";"25.56";"9.35";"";"";"";"";"";"68.4";"";"";"";"";"";"";"344.89";"";"";"";"";"69.96";"";"";"";"";"";"";"45.56";"";"";"";"";"";"";"";"";"85.32";"";"";"";"";"";"";"165.32";"";"";"";"";"";"78.77";"52.44";"";"18.92";"13.78";"14.5";"";"9.83"
"20";"2023-07-11 15:55:58";"53";"de";"854439527";"2023-07-11 15:34:10";"2023-07-11 15:55:58";"194.94.234.21";"Ja";"Ja";"Ja";"Ja";"Ja";"Nein";"Nein";"Nein";"Ja";"Ja";"Nein";"Nein";"Nein";"Nein";"Nein";"2";"Small Multiple Liniendiagramm (Small multiple line chart)";"Streudiagramm (Scatterplot)";"Hantel-Diagramm (Dotplot)";"Kreis-Zeitleiste (Circle Timeline)";"Spinnennetz-Diagramm (Radar Chart)";"Blasendiagramm (Bubble Chart)";"XY Intensitätsdiagramm (XY Heatmap)";"Bienenschwarm-Diagramm (Beeswarm plot)";"Marimekko Diagramm (Marimekko Chart)";"2";"4";"6 - sehr gut, es klappt problemlos";"6 - sehr gut, es klappt problemlos";"6 - sehr gut, es klappt problemlos";"6 - sehr gut, es klappt problemlos";"6 - sehr gut, es klappt problemlos";"6 - sehr gut, es klappt problemlos";"3";"4";"5";"5";"2";"";"";"";"5";"5";"4";"";"";"";"";"";"";"";"";"";"";"";"";"";"Erkennbar sind die Trends Sommer -> mehr Stromproduktion, Winter -> weniger Stromproduktion. Außerdem lässt sich erkennen, dass gerade im Januar ein plötzlicher Abfall von 50 GWh auf  ca. 30 GWh Strom zu verzeichnen ist.";"";"";"";"";"7";"5";"6 - very";"5";"";"";"";"";"";"";"";"";"";"";"";"";"";"";"";"Kopf an Kopf Rennen mit den USA in den Jahren 1960 bis ca. 2010
Die USA hat alle Länder mit ihren Raketenstarts überholt.
Auch sonstige Länder starten immer mehr Raketen
Russland und China haben im Jahr 2020 fast gleich viele Raketen gestartet.
Das Vereinigte Königreich hat erst ca. ab 2010 angefangen, mehr und mehr Raketen zu starten und liegt mit ihren Raketenstarts nicht weit zurück im Vergleich zu China und Russland";"";"";"";"";"";"15";"";"";"";"";"";"";"5";"4";"3";"";"";"";"";"";"";"";"";"";"";"";"Deutlich mehr Lastenausfälle seit 2022. ";"";"";"";"mehr Kontext";"Die Visualisierung zur Stromproduktion und das Balkendiagramm zu Raketenstarts, weil die wichtigsten Informationen am schnellsten erfasst werden können.";"Weiblich";"";"24";"Studentin (Archiv)";"julia.fransen@fh-potsdam.de";"1317.52";"";"18.01";"40.55";"";"114.15";"19.44";"29.3";"71.98";"33.62";"18.17";"";"";"";"74.48";"";"";"";"";"";"";"192.15";"";"";"";"";"";"";"83.45";"";"";"";"";"";"";"262.37";"";"";"";"";"";"";"";"";"";"73.68";"";"";"";"";"";"";"51.47";"";"";"";"";"55.21";"87.54";"";"9.75";"8.32";"17.2";"";"56.68"
"21";"2023-07-11 15:57:58";"53";"de";"392374608";"2023-07-11 15:34:25";"2023-07-11 15:57:58";"195.37.186.56";"Nein";"Ja";"Ja";"Nein";"Ja";"Nein";"Nein";"Nein";"Nein";"Nein";"Nein";"Nein";"Nein";"Ja";"Nein";"2";"Streudiagramm (Scatterplot)";"Small Multiple Liniendiagramm (Small multiple line chart)";"Bienenschwarm-Diagramm (Beeswarm plot)";"Hantel-Diagramm (Dotplot)";"Blasendiagramm (Bubble Chart)";"Spinnennetz-Diagramm (Radar Chart)";"Kreis-Zeitleiste (Circle Timeline)";"XY Intensitätsdiagramm (XY Heatmap)";"Marimekko Diagramm (Marimekko Chart)";"4";"5";"6 - sehr gut, es klappt problemlos";"5";"6 - sehr gut, es klappt problemlos";"6 - sehr gut, es klappt problemlos";"5";"6 - sehr gut, es klappt problemlos";"2";"6 - sehr";"Weiß ich nicht";"2";"2";"";"";"";"2";"4";"2";"";"";"";"";"";"";"";"";"";"";"";"";"";"Ich erkenne den Jahresdurchschnitswert der Stromprodultionen so wie wenn mehr oder weniger Strom produziert wird.";"";"";"";"";"10";"";"";"";"";"";"";"";"";"";"4";"6 - sehr";"4";"";"";"";"";"";"";"";"";"";"Die große Auswirkung auf die Umwelt von Thunfisch und Garnelen.";"";"";"13";"2";"3";"3";"";"";"";"";"";"";"";"";"";"";"";"";"";"";"";"Nichts konkretes.";"";"";"";"";"";"Es waren zu viele auf einmal und sie waren zu klein. ";"Keines von den Beispielen.";"Männlich";"";"27";"Student";"";"1424.46";"";"27.98";"29.03";"";"131.61";"27.3";"17.24";"81.11";"30.83";"41.46";"";"";"";"118.7";"";"";"";"";"";"";"179.85";"";"";"";"";"";"";"";"";"";"109.72";"";"";"";"";"";"";"161.53";"";"";"";"";"170.21";"";"";"";"";"";"";"57.9";"";"";"";"";"";"";"145.54";"39.86";"";"14.47";"12.04";"12.22";"";"15.86"
"22";"2023-07-11 16:01:51";"53";"en";"253272930";"2023-07-11 15:34:46";"2023-07-11 16:01:51";"194.94.234.21";"Nein";"Nein";"Nein";"Nein";"Nein";"Nein";"Ja";"Ja";"Ja";"Ja";"Nein";"Ja";"Nein";"Nein";"Nein";"2";"Spinnennetz-Diagramm (Radar Chart)";"Streudiagramm (Scatterplot)";"Blasendiagramm (Bubble Chart)";"Small Multiple Liniendiagramm (Small multiple line chart)";"XY Intensitätsdiagramm (XY Heatmap)";"Kreis-Zeitleiste (Circle Timeline)";"Marimekko Diagramm (Marimekko Chart)";"Hantel-Diagramm (Dotplot)";"Bienenschwarm-Diagramm (Beeswarm plot)";"5";"5";"5";"4";"4";"4";"5";"6 - sehr gut, es klappt problemlos";"5";"6 - sehr";"6 - sehr";"6 - mehrfach am Tag";"2";"";"";"";"4";"5";"5";"";"";"";"";"";"";"";"";"";"";"";"";"";"I did not know anything about the electricity production from run-of-river power plants previously. The visualization is easy to quickly comprehend without thinking too hard about what is shown. The note about the beginning of snowmelt in April provides enough context to avoid wild speculation from the side of the viewer. Certain keypoints like the gradual buildup towards the peak between June and July, the peak in early October and the sudden drop in early January are easy to identify. The Yearly Average line is also very useful to get a first-glance understanding of how individual values compare to each other.";"";"";"";"";"8";"";"";"";"2";"2";"3";"";"";"";"";"";"";"";"";"";"";"";"";"";"Having to factor both the buildup towards the reunification and the eventual consequences thereof into this visualization makes it quite difficult to understand without additional context or information, especially around the year of 1990. The locations of the labels for the individual values feel disorienting and are hard to grasp at a glance. The shapes themselves strike me as quite intuitive";"";"";"";"";"13";"1 - gar nicht";"2";"4";"";"";"";"";"";"";"";"";"";"";"";"";"";"";"";"The choice of putting the age in years on the y-axis in steps of 25 years at a time is incredibly bizarre to me, and while all the resulting shapes feel very distinct from each other and can be interpreted at just a glance, the format is very distracting to me. The EU median just being one of the 24 sets shown in a random spot makes it hard to factor it into the other sets. Personally I would have preferred if there was another step to this visualization that ranks the sets in some way, such as closest to the EU median --> furthest from it. It would also be helpful to put a few descriptive labels for things like the highest amount of citizens over 75 or under 25 (or any other numbers), as there are too many sets to contrast against each other and most of the data is too similar to tell apart without holding a ruler up to the screen. ";"";"";"";"";"";"I successfully misunderstood the task and did this for all the visualizations on the past few pages";"the first one (electricity), partly because it was the first one and partly because I liked it the most. I also remember the age distribution one because I am still thinking of ways I would have improved (or simply ""changed"") it to make it easier for myself to understand";"Männlich";"";"26";"Information science student";"80sflamingos@gmail.com";"1633.52";"";"10.2";"25.99";"";"50.66";"8.84";"10.03";"24.46";"11.14";"8.31";"";"";"";"38.53";"";"";"";"";"";"";"385.17";"";"";"";"";"";"";"";"88.91";"";"";"";"";"";"";"319.41";"";"";"";"";"";"";"45.77";"";"";"";"";"";"";"459.66";"";"";"";"";"";"";"35.59";"57.6";"";"7.13";"17.44";"15.16";"";"13.52"
"23";"2023-07-11 15:49:18";"53";"de";"1985431677";"2023-07-11 15:38:08";"2023-07-11 15:49:18";"194.94.105.114";"Nein";"Ja";"Ja";"Nein";"Ja";"Nein";"Nein";"Ja";"Nein";"Nein";"Nein";"Ja";"Nein";"Nein";"Nein";"2";"Streudiagramm (Scatterplot)";"Small Multiple Liniendiagramm (Small multiple line chart)";"Blasendiagramm (Bubble Chart)";"Hantel-Diagramm (Dotplot)";"Kreis-Zeitleiste (Circle Timeline)";"Bienenschwarm-Diagramm (Beeswarm plot)";"XY Intensitätsdiagramm (XY Heatmap)";"Marimekko Diagramm (Marimekko Chart)";"Spinnennetz-Diagramm (Radar Chart)";"4";"6 - Datenvisualisierungen sind einfacher zu verstehen als Zahlen im Text";"6 - sehr gut, es klappt problemlos";"5";"6 - sehr gut, es klappt problemlos";"6 - sehr gut, es klappt problemlos";"6 - sehr gut, es klappt problemlos";"5";"2";"5";"5";"5";"3";"";"";"";"";"";"";"3";"6 - sehr";"5";"";"";"";"";"";"";"";"";"";"";"";"Es ist ungefähr erkennbar, wann Zuzug in die Großstädte Wegzüge übertroffen hat.";"";"";"";"11";"";"";"";"";"";"";"";"";"";"";"";"";"6 - sehr";"6 - sehr";"6 - sehr";"";"";"";"";"";"";"";"Je wärmer umso schlimmer.";"";"14";"";"";"";"3";"4";"1 - gar nicht";"";"";"";"";"";"";"";"";"";"";"";"";"";"Ich interessiere mich überhaupt nicht für den Song Contest. ";"";"";"";"";"Der schwarze Hintergrund.";"Der Vergleich von einem Temperaturanstieg um 1,5 oder 2 Grad.";"Weiblich";"";"25";"Studierende";"Nein";"676.69";"";"28.43";"18.63";"";"93.36";"18.05";"8.09";"36.46";"13.52";"9.27";"";"";"";"";"73.97";"";"";"";"";"";"";"75.58";"";"";"";"";"";"";"";"";"";"88.07";"";"";"";"";"";"";"38.43";"";"";"";"";"49.7";"";"";"";"";"";"";"31.81";"";"";"";"";"";"16.73";"40.08";"";"6.9";"9.16";"11.39";"";"9.06"
"24";"2023-07-11 15:55:14";"53";"en";"604574842";"2023-07-11 15:39:49";"2023-07-11 15:55:14";"194.94.234.21";"Nein";"Ja";"Ja";"Nein";"Ja";"Nein";"Nein";"Ja";"Ja";"Nein";"Nein";"Ja";"Ja";"Nein";"Nein";"2";"Small Multiple Liniendiagramm (Small multiple line chart)";"Streudiagramm (Scatterplot)";"XY Intensitätsdiagramm (XY Heatmap)";"Bienenschwarm-Diagramm (Beeswarm plot)";"Blasendiagramm (Bubble Chart)";"Kreis-Zeitleiste (Circle Timeline)";"Spinnennetz-Diagramm (Radar Chart)";"Marimekko Diagramm (Marimekko Chart)";"Hantel-Diagramm (Dotplot)";"6 - sehr einfach";"6 - Datenvisualisierungen sind einfacher zu verstehen als Zahlen im Text";"6 - sehr gut, es klappt problemlos";"6 - sehr gut, es klappt problemlos";"6 - sehr gut, es klappt problemlos";"6 - sehr gut, es klappt problemlos";"5";"5";"5";"5";"6 - sehr";"6 - mehrfach am Tag";"4";"";"";"";"";"";"";"";"";"";"4";"5";"5";"";"";"";"";"";"";"";"";"";"That the number of workers in the tech industry who got laid off in 2022 is much higher than in 2020 altogether. As to specific months, the number of workers laid off in Nov 2022 is about twice as high as in Apr 2020, with both months being the months in their respective years in which the most workers got laid off";"";"";"8";"";"";"";"4";"5";"6 - sehr";"";"";"";"";"";"";"";"";"";"";"";"";"";"The largest group is students who live on their own or with their partner. The number of students who live in WGs has overtaken the number of students who live with their parents. The total number of students has increased tremendously. Student housing doesn't play much of a role in alleviate the student housing crisis. Students who lived in rented rooms or with their parents used to make up the majority but are only a small minority now";"";"";"";"";"16";"";"";"";"";"";"";"";"";"";"6 - sehr";"6 - sehr";"6 - sehr";"";"";"";"";"";"";"";"";"";"Cars that run on petrol dominate the market in most countries, diesel is in decline, electric and other are on the rise in varying degrees, Norway is a notable exception with electric cars being much more popular there than in other countries";"";"";"The visualisation on student housing had gaps between the categories that made the visualisation somewhat hard to look at at first";"Probably the one on student housing because it was the most interesting to me and the one that got me thinking the most. The one on cars is a close second because I liked the visualisation";"Männlich";"";"22";"Student assistant at a library";"";"937.85";"";"7.29";"8.7";"";"78.63";"7.93";"5.56";"18.75";"23.48";"5.52";"";"";"";"";"";"59.2";"";"";"";"";"";"";"171.78";"";"";"";"";"";"52.87";"";"";"";"";"";"";"204.24";"";"";"";"";"";"";"";"";"";"47.48";"";"";"";"";"";"";"104.75";"";"";"";"56.08";"53.85";"";"5.72";"5.42";"11.89";"";"8.71"
"25";"";"5";"en";"1418187422";"2023-07-11 15:59:20";"2023-07-11 16:01:09";"195.37.186.56";"Ja";"Ja";"Ja";"Nein";"Ja";"Nein";"Nein";"Ja";"Ja";"Ja";"Ja";"Ja";"Ja";"Nein";"Nein";"2";"Streudiagramm (Scatterplot)";"Small Multiple Liniendiagramm (Small multiple line chart)";"Bienenschwarm-Diagramm (Beeswarm plot)";"Kreis-Zeitleiste (Circle Timeline)";"Hantel-Diagramm (Dotplot)";"Blasendiagramm (Bubble Chart)";"XY Intensitätsdiagramm (XY Heatmap)";"Spinnennetz-Diagramm (Radar Chart)";"Marimekko Diagramm (Marimekko Chart)";"4";"4";"";"";"";"";"";"";"";"";"";"";"";"";"";"";"";"";"";"";"";"";"";"";"";"";"";"";"";"";"";"";"";"";"";"";"";"";"";"";"";"";"";"";"";"";"";"";"";"";"";"";"";"";"";"";"";"";"";"";"";"";"";"";"";"";"";"";"";"";"";"";"";"";"";"";"";"";"";"";"";"";"";"";"";"";"";"";"";"";"";"";"";"";"111.61";"";"16.89";"20.41";"";"54.25";"11.67";"8.39";"";"";"";"";"";"";"";"";"";"";"";"";"";"";"";"";"";"";"";"";"";"";"";"";"";"";"";"";"";"";"";"";"";"";"";"";"";"";"";"";"";"";"";"";"";"";"";"";"";"";"";"";"";"";"";"";""
